12;19;010;002;001B;SUMATERA UTARA;BATU BARA;SEI BALAI;PERKEBUNAN SEI BALAI;1219010002001B
12;19;010;002;002P;SUMATERA UTARA;BATU BARA;SEI BALAI;PERKEBUNAN SEI BALAI;1219010002002P
12;19;010;002;003B;SUMATERA UTARA;BATU BARA;SEI BALAI;PERKEBUNAN SEI BALAI;1219010002003B
12;19;010;002;004B;SUMATERA UTARA;BATU BARA;SEI BALAI;PERKEBUNAN SEI BALAI;1219010002004B
12;19;010;002;005B;SUMATERA UTARA;BATU BARA;SEI BALAI;PERKEBUNAN SEI BALAI;1219010002005B
12;19;010;002;006B;SUMATERA UTARA;BATU BARA;SEI BALAI;PERKEBUNAN SEI BALAI;1219010002006B
12;19;010;002;007B;SUMATERA UTARA;BATU BARA;SEI BALAI;PERKEBUNAN SEI BALAI;1219010002007B
12;19;010;002;008P;SUMATERA UTARA;BATU BARA;SEI BALAI;PERKEBUNAN SEI BALAI;1219010002008P
12;19;010;002;009P;SUMATERA UTARA;BATU BARA;SEI BALAI;PERKEBUNAN SEI BALAI;1219010002009P
12;19;010;002;010B;SUMATERA UTARA;BATU BARA;SEI BALAI;PERKEBUNAN SEI BALAI;1219010002010B
12;19;010;002;011P;SUMATERA UTARA;BATU BARA;SEI BALAI;PERKEBUNAN SEI BALAI;1219010002011P
12;19;010;002;016P;SUMATERA UTARA;BATU BARA;SEI BALAI;PERKEBUNAN SEI BALAI;1219010002016P
12;19;010;003;001B;SUMATERA UTARA;BATU BARA;SEI BALAI;SUKA RAMAI;1219010003001B
12;19;010;003;002B;SUMATERA UTARA;BATU BARA;SEI BALAI;SUKA RAMAI;1219010003002B
12;19;010;003;007B;SUMATERA UTARA;BATU BARA;SEI BALAI;SUKA RAMAI;1219010003007B
12;19;010;003;008B;SUMATERA UTARA;BATU BARA;SEI BALAI;SUKA RAMAI;1219010003008B
12;19;010;003;009B;SUMATERA UTARA;BATU BARA;SEI BALAI;SUKA RAMAI;1219010003009B
12;19;010;004;001P;SUMATERA UTARA;BATU BARA;SEI BALAI;SEI BEJANGKAR;1219010004001P
12;19;010;004;002B;SUMATERA UTARA;BATU BARA;SEI BALAI;SEI BEJANGKAR;1219010004002B
12;19;010;004;003B;SUMATERA UTARA;BATU BARA;SEI BALAI;SEI BEJANGKAR;1219010004003B
12;19;010;004;004B;SUMATERA UTARA;BATU BARA;SEI BALAI;SEI BEJANGKAR;1219010004004B
12;19;010;004;005B;SUMATERA UTARA;BATU BARA;SEI BALAI;SEI BEJANGKAR;1219010004005B
12;19;010;004;006B;SUMATERA UTARA;BATU BARA;SEI BALAI;SEI BEJANGKAR;1219010004006B
12;19;010;004;007B;SUMATERA UTARA;BATU BARA;SEI BALAI;SEI BEJANGKAR;1219010004007B
12;19;010;004;008B;SUMATERA UTARA;BATU BARA;SEI BALAI;SEI BEJANGKAR;1219010004008B
12;19;010;005;001B;SUMATERA UTARA;BATU BARA;SEI BALAI;PERKEBUNAN SEI BEJANGKAR;1219010005001B
12;19;010;005;002B;SUMATERA UTARA;BATU BARA;SEI BALAI;PERKEBUNAN SEI BEJANGKAR;1219010005002B
12;19;010;005;003P;SUMATERA UTARA;BATU BARA;SEI BALAI;PERKEBUNAN SEI BEJANGKAR;1219010005003P
12;19;010;005;004B;SUMATERA UTARA;BATU BARA;SEI BALAI;PERKEBUNAN SEI BEJANGKAR;1219010005004B
12;19;010;005;005P;SUMATERA UTARA;BATU BARA;SEI BALAI;PERKEBUNAN SEI BEJANGKAR;1219010005005P
12;19;010;005;006P;SUMATERA UTARA;BATU BARA;SEI BALAI;PERKEBUNAN SEI BEJANGKAR;1219010005006P
12;19;010;005;007B;SUMATERA UTARA;BATU BARA;SEI BALAI;PERKEBUNAN SEI BEJANGKAR;1219010005007B
12;19;010;005;008P;SUMATERA UTARA;BATU BARA;SEI BALAI;PERKEBUNAN SEI BEJANGKAR;1219010005008P
12;19;010;005;009P;SUMATERA UTARA;BATU BARA;SEI BALAI;PERKEBUNAN SEI BEJANGKAR;1219010005009P
12;19;010;006;004B;SUMATERA UTARA;BATU BARA;SEI BALAI;SEI BALAI;1219010006004B
12;19;010;006;005B;SUMATERA UTARA;BATU BARA;SEI BALAI;SEI BALAI;1219010006005B
12;19;010;006;006B;SUMATERA UTARA;BATU BARA;SEI BALAI;SEI BALAI;1219010006006B
12;19;010;006;007B;SUMATERA UTARA;BATU BARA;SEI BALAI;SEI BALAI;1219010006007B
12;19;010;006;008B;SUMATERA UTARA;BATU BARA;SEI BALAI;SEI BALAI;1219010006008B
12;19;010;006;009B;SUMATERA UTARA;BATU BARA;SEI BALAI;SEI BALAI;1219010006009B
12;19;010;006;010B;SUMATERA UTARA;BATU BARA;SEI BALAI;SEI BALAI;1219010006010B
12;19;010;007;001B;SUMATERA UTARA;BATU BARA;SEI BALAI;MEKAR MULIO;1219010007001B
12;19;010;007;002B;SUMATERA UTARA;BATU BARA;SEI BALAI;MEKAR MULIO;1219010007002B
12;19;010;007;003B;SUMATERA UTARA;BATU BARA;SEI BALAI;MEKAR MULIO;1219010007003B
12;19;010;008;001B;SUMATERA UTARA;BATU BARA;SEI BALAI;KWALA SIKASIM;1219010008001B
12;19;010;008;002B;SUMATERA UTARA;BATU BARA;SEI BALAI;KWALA SIKASIM;1219010008002B
12;19;010;008;003B;SUMATERA UTARA;BATU BARA;SEI BALAI;KWALA SIKASIM;1219010008003B
12;19;010;008;004B;SUMATERA UTARA;BATU BARA;SEI BALAI;KWALA SIKASIM;1219010008004B
12;19;010;008;005B;SUMATERA UTARA;BATU BARA;SEI BALAI;KWALA SIKASIM;1219010008005B
12;19;010;008;006B;SUMATERA UTARA;BATU BARA;SEI BALAI;KWALA SIKASIM;1219010008006B
12;19;010;010;001B;SUMATERA UTARA;BATU BARA;SEI BALAI;DURIAN;1219010010001B
12;19;010;010;002B;SUMATERA UTARA;BATU BARA;SEI BALAI;DURIAN;1219010010002B
12;19;010;010;003B;SUMATERA UTARA;BATU BARA;SEI BALAI;DURIAN;1219010010003B
12;19;010;010;004B;SUMATERA UTARA;BATU BARA;SEI BALAI;DURIAN;1219010010004B
12;19;010;010;005B;SUMATERA UTARA;BATU BARA;SEI BALAI;DURIAN;1219010010005B
12;19;010;011;012B;SUMATERA UTARA;BATU BARA;SEI BALAI;PERJUANGAN;1219010011012B
12;19;010;011;013B;SUMATERA UTARA;BATU BARA;SEI BALAI;PERJUANGAN;1219010011013B
12;19;010;011;014B;SUMATERA UTARA;BATU BARA;SEI BALAI;PERJUANGAN;1219010011014B
12;19;010;011;015B;SUMATERA UTARA;BATU BARA;SEI BALAI;PERJUANGAN;1219010011015B
12;19;010;011;016P;SUMATERA UTARA;BATU BARA;SEI BALAI;PERJUANGAN;1219010011016P
12;19;010;011;017B;SUMATERA UTARA;BATU BARA;SEI BALAI;PERJUANGAN;1219010011017B
12;19;010;011;018B;SUMATERA UTARA;BATU BARA;SEI BALAI;PERJUANGAN;1219010011018B
12;19;010;011;019B;SUMATERA UTARA;BATU BARA;SEI BALAI;PERJUANGAN;1219010011019B
12;19;010;011;020B;SUMATERA UTARA;BATU BARA;SEI BALAI;PERJUANGAN;1219010011020B
12;19;010;012;002B;SUMATERA UTARA;BATU BARA;SEI BALAI;SUKO REJO;1219010012002B
12;19;010;012;003B;SUMATERA UTARA;BATU BARA;SEI BALAI;SUKO REJO;1219010012003B
12;19;010;012;004B;SUMATERA UTARA;BATU BARA;SEI BALAI;SUKO REJO;1219010012004B
12;19;010;012;005B;SUMATERA UTARA;BATU BARA;SEI BALAI;SUKO REJO;1219010012005B
12;19;010;012;006B;SUMATERA UTARA;BATU BARA;SEI BALAI;SUKO REJO;1219010012006B
12;19;010;013;001B;SUMATERA UTARA;BATU BARA;SEI BALAI;BENTENG JAYA;1219010013001B
12;19;010;013;002B;SUMATERA UTARA;BATU BARA;SEI BALAI;BENTENG JAYA;1219010013002B
12;19;010;013;003B;SUMATERA UTARA;BATU BARA;SEI BALAI;BENTENG JAYA;1219010013003B
12;19;010;014;010B;SUMATERA UTARA;BATU BARA;SEI BALAI;TANAH TIMBUL;1219010014010B
12;19;010;014;011B;SUMATERA UTARA;BATU BARA;SEI BALAI;TANAH TIMBUL;1219010014011B
12;19;010;014;012B;SUMATERA UTARA;BATU BARA;SEI BALAI;TANAH TIMBUL;1219010014012B
12;19;010;015;003B;SUMATERA UTARA;BATU BARA;SEI BALAI;SIDOMULIO;1219010015003B
12;19;010;015;004B;SUMATERA UTARA;BATU BARA;SEI BALAI;SIDOMULIO;1219010015004B
12;19;010;015;005B;SUMATERA UTARA;BATU BARA;SEI BALAI;SIDOMULIO;1219010015005B
12;19;010;016;004B;SUMATERA UTARA;BATU BARA;SEI BALAI;MEKAR BARU;1219010016004B
12;19;010;016;005B;SUMATERA UTARA;BATU BARA;SEI BALAI;MEKAR BARU;1219010016005B
12;19;010;016;007B;SUMATERA UTARA;BATU BARA;SEI BALAI;MEKAR BARU;1219010016007B
12;19;020;018;001B;SUMATERA UTARA;BATU BARA;TANJUNG TIRAM;GUNTUNG;1219020018001B
12;19;020;018;002B;SUMATERA UTARA;BATU BARA;TANJUNG TIRAM;GUNTUNG;1219020018002B
12;19;020;018;003B;SUMATERA UTARA;BATU BARA;TANJUNG TIRAM;GUNTUNG;1219020018003B
12;19;020;018;004B;SUMATERA UTARA;BATU BARA;TANJUNG TIRAM;GUNTUNG;1219020018004B
12;19;020;018;005B;SUMATERA UTARA;BATU BARA;TANJUNG TIRAM;GUNTUNG;1219020018005B
12;19;020;018;006B;SUMATERA UTARA;BATU BARA;TANJUNG TIRAM;GUNTUNG;1219020018006B
12;19;020;018;007P;SUMATERA UTARA;BATU BARA;TANJUNG TIRAM;GUNTUNG;1219020018007P
12;19;020;019;001B;SUMATERA UTARA;BATU BARA;TANJUNG TIRAM;BAGAN DALAM;1219020019001B
12;19;020;019;002B;SUMATERA UTARA;BATU BARA;TANJUNG TIRAM;BAGAN DALAM;1219020019002B
12;19;020;019;010B;SUMATERA UTARA;BATU BARA;TANJUNG TIRAM;BAGAN DALAM;1219020019010B
12;19;020;019;011B;SUMATERA UTARA;BATU BARA;TANJUNG TIRAM;BAGAN DALAM;1219020019011B
12;19;020;019;014B;SUMATERA UTARA;BATU BARA;TANJUNG TIRAM;BAGAN DALAM;1219020019014B
12;19;020;019;015B;SUMATERA UTARA;BATU BARA;TANJUNG TIRAM;BAGAN DALAM;1219020019015B
12;19;020;019;017B;SUMATERA UTARA;BATU BARA;TANJUNG TIRAM;BAGAN DALAM;1219020019017B
12;19;020;019;018B;SUMATERA UTARA;BATU BARA;TANJUNG TIRAM;BAGAN DALAM;1219020019018B
12;19;020;019;020B;SUMATERA UTARA;BATU BARA;TANJUNG TIRAM;BAGAN DALAM;1219020019020B
12;19;020;019;021B;SUMATERA UTARA;BATU BARA;TANJUNG TIRAM;BAGAN DALAM;1219020019021B
12;19;020;019;022B;SUMATERA UTARA;BATU BARA;TANJUNG TIRAM;BAGAN DALAM;1219020019022B
12;19;020;020;001B;SUMATERA UTARA;BATU BARA;TANJUNG TIRAM;SUKA MAJU;1219020020001B
12;19;020;020;005P;SUMATERA UTARA;BATU BARA;TANJUNG TIRAM;SUKA MAJU;1219020020005P
12;19;020;020;006B;SUMATERA UTARA;BATU BARA;TANJUNG TIRAM;SUKA MAJU;1219020020006B
12;19;020;020;007B;SUMATERA UTARA;BATU BARA;TANJUNG TIRAM;SUKA MAJU;1219020020007B
12;19;020;020;008B;SUMATERA UTARA;BATU BARA;TANJUNG TIRAM;SUKA MAJU;1219020020008B
12;19;020;020;009B;SUMATERA UTARA;BATU BARA;TANJUNG TIRAM;SUKA MAJU;1219020020009B
12;19;020;020;010B;SUMATERA UTARA;BATU BARA;TANJUNG TIRAM;SUKA MAJU;1219020020010B
12;19;020;020;011B;SUMATERA UTARA;BATU BARA;TANJUNG TIRAM;SUKA MAJU;1219020020011B
12;19;020;020;012B;SUMATERA UTARA;BATU BARA;TANJUNG TIRAM;SUKA MAJU;1219020020012B
12;19;020;020;013B;SUMATERA UTARA;BATU BARA;TANJUNG TIRAM;SUKA MAJU;1219020020013B
12;19;020;020;014B;SUMATERA UTARA;BATU BARA;TANJUNG TIRAM;SUKA MAJU;1219020020014B
12;19;020;020;015B;SUMATERA UTARA;BATU BARA;TANJUNG TIRAM;SUKA MAJU;1219020020015B
12;19;020;020;016B;SUMATERA UTARA;BATU BARA;TANJUNG TIRAM;SUKA MAJU;1219020020016B
12;19;020;020;017B;SUMATERA UTARA;BATU BARA;TANJUNG TIRAM;SUKA MAJU;1219020020017B
12;19;020;020;018B;SUMATERA UTARA;BATU BARA;TANJUNG TIRAM;SUKA MAJU;1219020020018B
12;19;020;020;019B;SUMATERA UTARA;BATU BARA;TANJUNG TIRAM;SUKA MAJU;1219020020019B
12;19;020;020;020B;SUMATERA UTARA;BATU BARA;TANJUNG TIRAM;SUKA MAJU;1219020020020B
12;19;020;020;021B;SUMATERA UTARA;BATU BARA;TANJUNG TIRAM;SUKA MAJU;1219020020021B
12;19;020;020;022B;SUMATERA UTARA;BATU BARA;TANJUNG TIRAM;SUKA MAJU;1219020020022B
12;19;020;021;001B;SUMATERA UTARA;BATU BARA;TANJUNG TIRAM;TANJUNG TIRAM;1219020021001B
12;19;020;021;002B;SUMATERA UTARA;BATU BARA;TANJUNG TIRAM;TANJUNG TIRAM;1219020021002B
12;19;020;021;003B;SUMATERA UTARA;BATU BARA;TANJUNG TIRAM;TANJUNG TIRAM;1219020021003B
12;19;020;021;004B;SUMATERA UTARA;BATU BARA;TANJUNG TIRAM;TANJUNG TIRAM;1219020021004B
12;19;020;021;005B;SUMATERA UTARA;BATU BARA;TANJUNG TIRAM;TANJUNG TIRAM;1219020021005B
12;19;020;021;006B;SUMATERA UTARA;BATU BARA;TANJUNG TIRAM;TANJUNG TIRAM;1219020021006B
12;19;020;021;007B;SUMATERA UTARA;BATU BARA;TANJUNG TIRAM;TANJUNG TIRAM;1219020021007B
12;19;020;021;008B;SUMATERA UTARA;BATU BARA;TANJUNG TIRAM;TANJUNG TIRAM;1219020021008B
12;19;020;022;001B;SUMATERA UTARA;BATU BARA;TANJUNG TIRAM;BOGAK;1219020022001B
12;19;020;022;002B;SUMATERA UTARA;BATU BARA;TANJUNG TIRAM;BOGAK;1219020022002B
12;19;020;022;003B;SUMATERA UTARA;BATU BARA;TANJUNG TIRAM;BOGAK;1219020022003B
12;19;020;022;004B;SUMATERA UTARA;BATU BARA;TANJUNG TIRAM;BOGAK;1219020022004B
12;19;020;022;005B;SUMATERA UTARA;BATU BARA;TANJUNG TIRAM;BOGAK;1219020022005B
12;19;020;022;006B;SUMATERA UTARA;BATU BARA;TANJUNG TIRAM;BOGAK;1219020022006B
12;19;020;022;007B;SUMATERA UTARA;BATU BARA;TANJUNG TIRAM;BOGAK;1219020022007B
12;19;020;022;008B;SUMATERA UTARA;BATU BARA;TANJUNG TIRAM;BOGAK;1219020022008B
12;19;020;022;009B;SUMATERA UTARA;BATU BARA;TANJUNG TIRAM;BOGAK;1219020022009B
12;19;020;022;010B;SUMATERA UTARA;BATU BARA;TANJUNG TIRAM;BOGAK;1219020022010B
12;19;020;022;011B;SUMATERA UTARA;BATU BARA;TANJUNG TIRAM;BOGAK;1219020022011B
12;19;020;022;015B;SUMATERA UTARA;BATU BARA;TANJUNG TIRAM;BOGAK;1219020022015B
12;19;020;022;016B;SUMATERA UTARA;BATU BARA;TANJUNG TIRAM;BOGAK;1219020022016B
12;19;020;029;003B;SUMATERA UTARA;BATU BARA;TANJUNG TIRAM;SUKA JAYA;1219020029003B
12;19;020;029;004B;SUMATERA UTARA;BATU BARA;TANJUNG TIRAM;SUKA JAYA;1219020029004B
12;19;020;029;005B;SUMATERA UTARA;BATU BARA;TANJUNG TIRAM;SUKA JAYA;1219020029005B
12;19;020;029;006B;SUMATERA UTARA;BATU BARA;TANJUNG TIRAM;SUKA JAYA;1219020029006B
12;19;020;029;007B;SUMATERA UTARA;BATU BARA;TANJUNG TIRAM;SUKA JAYA;1219020029007B
12;19;020;029;008B;SUMATERA UTARA;BATU BARA;TANJUNG TIRAM;SUKA JAYA;1219020029008B
12;19;020;029;009B;SUMATERA UTARA;BATU BARA;TANJUNG TIRAM;SUKA JAYA;1219020029009B
12;19;020;029;012B;SUMATERA UTARA;BATU BARA;TANJUNG TIRAM;SUKA JAYA;1219020029012B
12;19;020;029;013B;SUMATERA UTARA;BATU BARA;TANJUNG TIRAM;SUKA JAYA;1219020029013B
12;19;020;029;016B;SUMATERA UTARA;BATU BARA;TANJUNG TIRAM;SUKA JAYA;1219020029016B
12;19;020;029;017B;SUMATERA UTARA;BATU BARA;TANJUNG TIRAM;SUKA JAYA;1219020029017B
12;19;020;029;018B;SUMATERA UTARA;BATU BARA;TANJUNG TIRAM;SUKA JAYA;1219020029018B
12;19;020;029;019B;SUMATERA UTARA;BATU BARA;TANJUNG TIRAM;SUKA JAYA;1219020029019B
12;19;020;029;023B;SUMATERA UTARA;BATU BARA;TANJUNG TIRAM;SUKA JAYA;1219020029023B
12;19;020;029;024B;SUMATERA UTARA;BATU BARA;TANJUNG TIRAM;SUKA JAYA;1219020029024B
12;19;020;030;001B;SUMATERA UTARA;BATU BARA;TANJUNG TIRAM;KAMPUNG LALANG;1219020030001B
12;19;020;030;002B;SUMATERA UTARA;BATU BARA;TANJUNG TIRAM;KAMPUNG LALANG;1219020030002B
12;19;020;030;003B;SUMATERA UTARA;BATU BARA;TANJUNG TIRAM;KAMPUNG LALANG;1219020030003B
12;19;020;030;004B;SUMATERA UTARA;BATU BARA;TANJUNG TIRAM;KAMPUNG LALANG;1219020030004B
12;19;020;031;009B;SUMATERA UTARA;BATU BARA;TANJUNG TIRAM;BAGAN ARYA;1219020031009B
12;19;020;031;010B;SUMATERA UTARA;BATU BARA;TANJUNG TIRAM;BAGAN ARYA;1219020031010B
12;19;020;031;011B;SUMATERA UTARA;BATU BARA;TANJUNG TIRAM;BAGAN ARYA;1219020031011B
12;19;020;031;012B;SUMATERA UTARA;BATU BARA;TANJUNG TIRAM;BAGAN ARYA;1219020031012B
12;19;020;032;012B;SUMATERA UTARA;BATU BARA;TANJUNG TIRAM;PAHLAWAN;1219020032012B
12;19;020;032;013B;SUMATERA UTARA;BATU BARA;TANJUNG TIRAM;PAHLAWAN;1219020032013B
12;19;020;032;014B;SUMATERA UTARA;BATU BARA;TANJUNG TIRAM;PAHLAWAN;1219020032014B
12;19;020;032;017B;SUMATERA UTARA;BATU BARA;TANJUNG TIRAM;PAHLAWAN;1219020032017B
12;19;020;032;018B;SUMATERA UTARA;BATU BARA;TANJUNG TIRAM;PAHLAWAN;1219020032018B
12;19;020;032;019B;SUMATERA UTARA;BATU BARA;TANJUNG TIRAM;PAHLAWAN;1219020032019B
12;19;020;032;020B;SUMATERA UTARA;BATU BARA;TANJUNG TIRAM;PAHLAWAN;1219020032020B
12;19;020;032;021B;SUMATERA UTARA;BATU BARA;TANJUNG TIRAM;PAHLAWAN;1219020032021B
12;19;020;032;022B;SUMATERA UTARA;BATU BARA;TANJUNG TIRAM;PAHLAWAN;1219020032022B
12;19;020;032;023B;SUMATERA UTARA;BATU BARA;TANJUNG TIRAM;PAHLAWAN;1219020032023B
12;19;020;033;024B;SUMATERA UTARA;BATU BARA;TANJUNG TIRAM;BANDAR RAHMAD;1219020033024B
12;19;020;033;025B;SUMATERA UTARA;BATU BARA;TANJUNG TIRAM;BANDAR RAHMAD;1219020033025B
12;19;020;033;026P;SUMATERA UTARA;BATU BARA;TANJUNG TIRAM;BANDAR RAHMAD;1219020033026P
12;19;021;001;002B;SUMATERA UTARA;BATU BARA;NIBUNG HANGUS;TANJUNG MULIA;1219021001002B
12;19;021;001;004B;SUMATERA UTARA;BATU BARA;NIBUNG HANGUS;TANJUNG MULIA;1219021001004B
12;19;021;001;005B;SUMATERA UTARA;BATU BARA;NIBUNG HANGUS;TANJUNG MULIA;1219021001005B
12;19;021;001;006B;SUMATERA UTARA;BATU BARA;NIBUNG HANGUS;TANJUNG MULIA;1219021001006B
12;19;021;002;001B;SUMATERA UTARA;BATU BARA;NIBUNG HANGUS;SUNGAI MENTARAM;1219021002001B
12;19;021;002;002B;SUMATERA UTARA;BATU BARA;NIBUNG HANGUS;SUNGAI MENTARAM;1219021002002B
12;19;021;002;003B;SUMATERA UTARA;BATU BARA;NIBUNG HANGUS;SUNGAI MENTARAM;1219021002003B
12;19;021;003;001B;SUMATERA UTARA;BATU BARA;NIBUNG HANGUS;PEMATANG RAMBAI;1219021003001B
12;19;021;003;002B;SUMATERA UTARA;BATU BARA;NIBUNG HANGUS;PEMATANG RAMBAI;1219021003002B
12;19;021;003;003B;SUMATERA UTARA;BATU BARA;NIBUNG HANGUS;PEMATANG RAMBAI;1219021003003B
12;19;021;003;004B;SUMATERA UTARA;BATU BARA;NIBUNG HANGUS;PEMATANG RAMBAI;1219021003004B
12;19;021;003;005B;SUMATERA UTARA;BATU BARA;NIBUNG HANGUS;PEMATANG RAMBAI;1219021003005B
12;19;021;003;006B;SUMATERA UTARA;BATU BARA;NIBUNG HANGUS;PEMATANG RAMBAI;1219021003006B
12;19;021;003;007B;SUMATERA UTARA;BATU BARA;NIBUNG HANGUS;PEMATANG RAMBAI;1219021003007B
12;19;021;003;008B;SUMATERA UTARA;BATU BARA;NIBUNG HANGUS;PEMATANG RAMBAI;1219021003008B
12;19;021;003;009B;SUMATERA UTARA;BATU BARA;NIBUNG HANGUS;PEMATANG RAMBAI;1219021003009B
12;19;021;003;010B;SUMATERA UTARA;BATU BARA;NIBUNG HANGUS;PEMATANG RAMBAI;1219021003010B
12;19;021;003;011B;SUMATERA UTARA;BATU BARA;NIBUNG HANGUS;PEMATANG RAMBAI;1219021003011B
12;19;021;004;003B;SUMATERA UTARA;BATU BARA;NIBUNG HANGUS;BAGAN BARU;1219021004003B
12;19;021;004;007B;SUMATERA UTARA;BATU BARA;NIBUNG HANGUS;BAGAN BARU;1219021004007B
12;19;021;004;008B;SUMATERA UTARA;BATU BARA;NIBUNG HANGUS;BAGAN BARU;1219021004008B
12;19;021;004;009B;SUMATERA UTARA;BATU BARA;NIBUNG HANGUS;BAGAN BARU;1219021004009B
12;19;021;004;010B;SUMATERA UTARA;BATU BARA;NIBUNG HANGUS;BAGAN BARU;1219021004010B
12;19;021;005;004B;SUMATERA UTARA;BATU BARA;NIBUNG HANGUS;UJUNG KUBU;1219021005004B
12;19;021;005;005B;SUMATERA UTARA;BATU BARA;NIBUNG HANGUS;UJUNG KUBU;1219021005005B
12;19;021;005;006B;SUMATERA UTARA;BATU BARA;NIBUNG HANGUS;UJUNG KUBU;1219021005006B
12;19;021;005;007B;SUMATERA UTARA;BATU BARA;NIBUNG HANGUS;UJUNG KUBU;1219021005007B
12;19;021;005;008B;SUMATERA UTARA;BATU BARA;NIBUNG HANGUS;UJUNG KUBU;1219021005008B
12;19;021;005;009B;SUMATERA UTARA;BATU BARA;NIBUNG HANGUS;UJUNG KUBU;1219021005009B
12;19;021;005;010B;SUMATERA UTARA;BATU BARA;NIBUNG HANGUS;UJUNG KUBU;1219021005010B
12;19;021;005;011B;SUMATERA UTARA;BATU BARA;NIBUNG HANGUS;UJUNG KUBU;1219021005011B
12;19;021;005;012B;SUMATERA UTARA;BATU BARA;NIBUNG HANGUS;UJUNG KUBU;1219021005012B
12;19;021;005;013B;SUMATERA UTARA;BATU BARA;NIBUNG HANGUS;UJUNG KUBU;1219021005013B
12;19;021;005;014B;SUMATERA UTARA;BATU BARA;NIBUNG HANGUS;UJUNG KUBU;1219021005014B
12;19;021;005;015B;SUMATERA UTARA;BATU BARA;NIBUNG HANGUS;UJUNG KUBU;1219021005015B
12;19;021;005;016B;SUMATERA UTARA;BATU BARA;NIBUNG HANGUS;UJUNG KUBU;1219021005016B
12;19;021;005;017B;SUMATERA UTARA;BATU BARA;NIBUNG HANGUS;UJUNG KUBU;1219021005017B
12;19;021;006;001B;SUMATERA UTARA;BATU BARA;NIBUNG HANGUS;LIMA LARAS;1219021006001B
12;19;021;006;004B;SUMATERA UTARA;BATU BARA;NIBUNG HANGUS;LIMA LARAS;1219021006004B
12;19;021;006;005B;SUMATERA UTARA;BATU BARA;NIBUNG HANGUS;LIMA LARAS;1219021006005B
12;19;021;006;006B;SUMATERA UTARA;BATU BARA;NIBUNG HANGUS;LIMA LARAS;1219021006006B
12;19;021;006;007B;SUMATERA UTARA;BATU BARA;NIBUNG HANGUS;LIMA LARAS;1219021006007B
12;19;021;007;001B;SUMATERA UTARA;BATU BARA;NIBUNG HANGUS;SENTANG;1219021007001B
12;19;021;007;002B;SUMATERA UTARA;BATU BARA;NIBUNG HANGUS;SENTANG;1219021007002B
12;19;021;007;003P;SUMATERA UTARA;BATU BARA;NIBUNG HANGUS;SENTANG;1219021007003P
12;19;021;007;004B;SUMATERA UTARA;BATU BARA;NIBUNG HANGUS;SENTANG;1219021007004B
12;19;021;007;005B;SUMATERA UTARA;BATU BARA;NIBUNG HANGUS;SENTANG;1219021007005B
12;19;021;008;001B;SUMATERA UTARA;BATU BARA;NIBUNG HANGUS;JATI MULIA;1219021008001B
12;19;021;008;002B;SUMATERA UTARA;BATU BARA;NIBUNG HANGUS;JATI MULIA;1219021008002B
12;19;021;008;003B;SUMATERA UTARA;BATU BARA;NIBUNG HANGUS;JATI MULIA;1219021008003B
12;19;021;009;001B;SUMATERA UTARA;BATU BARA;NIBUNG HANGUS;TALI AIR PERMAI;1219021009001B
12;19;021;009;002B;SUMATERA UTARA;BATU BARA;NIBUNG HANGUS;TALI AIR PERMAI;1219021009002B
12;19;021;009;004B;SUMATERA UTARA;BATU BARA;NIBUNG HANGUS;TALI AIR PERMAI;1219021009004B
12;19;021;009;005B;SUMATERA UTARA;BATU BARA;NIBUNG HANGUS;TALI AIR PERMAI;1219021009005B
12;19;021;009;006B;SUMATERA UTARA;BATU BARA;NIBUNG HANGUS;TALI AIR PERMAI;1219021009006B
12;19;021;009;007B;SUMATERA UTARA;BATU BARA;NIBUNG HANGUS;TALI AIR PERMAI;1219021009007B
12;19;021;010;011B;SUMATERA UTARA;BATU BARA;NIBUNG HANGUS;KAPAL MERAH;1219021010011B
12;19;021;010;012B;SUMATERA UTARA;BATU BARA;NIBUNG HANGUS;KAPAL MERAH;1219021010012B
12;19;021;010;013B;SUMATERA UTARA;BATU BARA;NIBUNG HANGUS;KAPAL MERAH;1219021010013B
12;19;021;011;001B;SUMATERA UTARA;BATU BARA;NIBUNG HANGUS;BANDAR SONO;1219021011001B
12;19;021;011;002B;SUMATERA UTARA;BATU BARA;NIBUNG HANGUS;BANDAR SONO;1219021011002B
12;19;021;011;003B;SUMATERA UTARA;BATU BARA;NIBUNG HANGUS;BANDAR SONO;1219021011003B
12;19;021;011;004B;SUMATERA UTARA;BATU BARA;NIBUNG HANGUS;BANDAR SONO;1219021011004B
12;19;021;011;006B;SUMATERA UTARA;BATU BARA;NIBUNG HANGUS;BANDAR SONO;1219021011006B
12;19;021;011;007B;SUMATERA UTARA;BATU BARA;NIBUNG HANGUS;BANDAR SONO;1219021011007B
12;19;021;011;017B;SUMATERA UTARA;BATU BARA;NIBUNG HANGUS;BANDAR SONO;1219021011017B
12;19;021;011;018B;SUMATERA UTARA;BATU BARA;NIBUNG HANGUS;BANDAR SONO;1219021011018B
12;19;021;011;019B;SUMATERA UTARA;BATU BARA;NIBUNG HANGUS;BANDAR SONO;1219021011019B
12;19;021;011;020B;SUMATERA UTARA;BATU BARA;NIBUNG HANGUS;BANDAR SONO;1219021011020B
12;19;021;012;001B;SUMATERA UTARA;BATU BARA;NIBUNG HANGUS;MEKAR LARAS;1219021012001B
12;19;021;012;002B;SUMATERA UTARA;BATU BARA;NIBUNG HANGUS;MEKAR LARAS;1219021012002B
12;19;021;012;003B;SUMATERA UTARA;BATU BARA;NIBUNG HANGUS;MEKAR LARAS;1219021012003B
12;19;021;012;008B;SUMATERA UTARA;BATU BARA;NIBUNG HANGUS;MEKAR LARAS;1219021012008B
12;19;021;012;009B;SUMATERA UTARA;BATU BARA;NIBUNG HANGUS;MEKAR LARAS;1219021012009B
12;19;030;008;003B;SUMATERA UTARA;BATU BARA;TALAWI;PANJANG;1219030008003B
12;19;030;008;004B;SUMATERA UTARA;BATU BARA;TALAWI;PANJANG;1219030008004B
12;19;030;008;005B;SUMATERA UTARA;BATU BARA;TALAWI;PANJANG;1219030008005B
12;19;030;008;006P;SUMATERA UTARA;BATU BARA;TALAWI;PANJANG;1219030008006P
12;19;030;009;005B;SUMATERA UTARA;BATU BARA;TALAWI;PAHANG;1219030009005B
12;19;030;009;011B;SUMATERA UTARA;BATU BARA;TALAWI;PAHANG;1219030009011B
12;19;030;009;012K;SUMATERA UTARA;BATU BARA;TALAWI;PAHANG;1219030009012K
12;19;030;009;013B;SUMATERA UTARA;BATU BARA;TALAWI;PAHANG;1219030009013B
12;19;030;009;014B;SUMATERA UTARA;BATU BARA;TALAWI;PAHANG;1219030009014B
12;19;030;009;015B;SUMATERA UTARA;BATU BARA;TALAWI;PAHANG;1219030009015B
12;19;030;009;016B;SUMATERA UTARA;BATU BARA;TALAWI;PAHANG;1219030009016B
12;19;030;009;017B;SUMATERA UTARA;BATU BARA;TALAWI;PAHANG;1219030009017B
12;19;030;009;018B;SUMATERA UTARA;BATU BARA;TALAWI;PAHANG;1219030009018B
12;19;030;009;019B;SUMATERA UTARA;BATU BARA;TALAWI;PAHANG;1219030009019B
12;19;030;010;001B;SUMATERA UTARA;BATU BARA;TALAWI;PADANG GENTING;1219030010001B
12;19;030;010;002B;SUMATERA UTARA;BATU BARA;TALAWI;PADANG GENTING;1219030010002B
12;19;030;010;003B;SUMATERA UTARA;BATU BARA;TALAWI;PADANG GENTING;1219030010003B
12;19;030;010;004B;SUMATERA UTARA;BATU BARA;TALAWI;PADANG GENTING;1219030010004B
12;19;030;010;005B;SUMATERA UTARA;BATU BARA;TALAWI;PADANG GENTING;1219030010005B
12;19;030;010;006B;SUMATERA UTARA;BATU BARA;TALAWI;PADANG GENTING;1219030010006B
12;19;030;010;007B;SUMATERA UTARA;BATU BARA;TALAWI;PADANG GENTING;1219030010007B
12;19;030;011;001B;SUMATERA UTARA;BATU BARA;TALAWI;LABUHAN RUKU;1219030011001B
12;19;030;011;002B;SUMATERA UTARA;BATU BARA;TALAWI;LABUHAN RUKU;1219030011002B
12;19;030;011;003B;SUMATERA UTARA;BATU BARA;TALAWI;LABUHAN RUKU;1219030011003B
12;19;030;011;004B;SUMATERA UTARA;BATU BARA;TALAWI;LABUHAN RUKU;1219030011004B
12;19;030;011;005B;SUMATERA UTARA;BATU BARA;TALAWI;LABUHAN RUKU;1219030011005B
12;19;030;011;006B;SUMATERA UTARA;BATU BARA;TALAWI;LABUHAN RUKU;1219030011006B
12;19;030;011;007B;SUMATERA UTARA;BATU BARA;TALAWI;LABUHAN RUKU;1219030011007B
12;19;030;011;008B;SUMATERA UTARA;BATU BARA;TALAWI;LABUHAN RUKU;1219030011008B
12;19;030;011;009B;SUMATERA UTARA;BATU BARA;TALAWI;LABUHAN RUKU;1219030011009B
12;19;030;011;010B;SUMATERA UTARA;BATU BARA;TALAWI;LABUHAN RUKU;1219030011010B
12;19;030;011;011B;SUMATERA UTARA;BATU BARA;TALAWI;LABUHAN RUKU;1219030011011B
12;19;030;011;012B;SUMATERA UTARA;BATU BARA;TALAWI;LABUHAN RUKU;1219030011012B
12;19;030;011;013B;SUMATERA UTARA;BATU BARA;TALAWI;LABUHAN RUKU;1219030011013B
12;19;030;011;014B;SUMATERA UTARA;BATU BARA;TALAWI;LABUHAN RUKU;1219030011014B
12;19;030;011;015B;SUMATERA UTARA;BATU BARA;TALAWI;LABUHAN RUKU;1219030011015B
12;19;030;012;001B;SUMATERA UTARA;BATU BARA;TALAWI;MESJID LAMA;1219030012001B
12;19;030;012;002B;SUMATERA UTARA;BATU BARA;TALAWI;MESJID LAMA;1219030012002B
12;19;030;012;008B;SUMATERA UTARA;BATU BARA;TALAWI;MESJID LAMA;1219030012008B
12;19;030;012;009B;SUMATERA UTARA;BATU BARA;TALAWI;MESJID LAMA;1219030012009B
12;19;030;012;010B;SUMATERA UTARA;BATU BARA;TALAWI;MESJID LAMA;1219030012010B
12;19;030;012;011B;SUMATERA UTARA;BATU BARA;TALAWI;MESJID LAMA;1219030012011B
12;19;030;012;012B;SUMATERA UTARA;BATU BARA;TALAWI;MESJID LAMA;1219030012012B
12;19;030;013;001B;SUMATERA UTARA;BATU BARA;TALAWI;DAHARI SELEBAR;1219030013001B
12;19;030;013;002B;SUMATERA UTARA;BATU BARA;TALAWI;DAHARI SELEBAR;1219030013002B
12;19;030;013;003B;SUMATERA UTARA;BATU BARA;TALAWI;DAHARI SELEBAR;1219030013003B
12;19;030;013;004B;SUMATERA UTARA;BATU BARA;TALAWI;DAHARI SELEBAR;1219030013004B
12;19;030;013;005B;SUMATERA UTARA;BATU BARA;TALAWI;DAHARI SELEBAR;1219030013005B
12;19;030;013;006B;SUMATERA UTARA;BATU BARA;TALAWI;DAHARI SELEBAR;1219030013006B
12;19;030;013;007B;SUMATERA UTARA;BATU BARA;TALAWI;DAHARI SELEBAR;1219030013007B
12;19;030;013;008B;SUMATERA UTARA;BATU BARA;TALAWI;DAHARI SELEBAR;1219030013008B
12;19;030;017;001B;SUMATERA UTARA;BATU BARA;TALAWI;GUNUNG RANTE;1219030017001B
12;19;030;017;002B;SUMATERA UTARA;BATU BARA;TALAWI;GUNUNG RANTE;1219030017002B
12;19;030;017;003B;SUMATERA UTARA;BATU BARA;TALAWI;GUNUNG RANTE;1219030017003B
12;19;030;018;001B;SUMATERA UTARA;BATU BARA;TALAWI;BENTENG;1219030018001B
12;19;030;018;002B;SUMATERA UTARA;BATU BARA;TALAWI;BENTENG;1219030018002B
12;19;030;018;003B;SUMATERA UTARA;BATU BARA;TALAWI;BENTENG;1219030018003B
12;19;030;018;004B;SUMATERA UTARA;BATU BARA;TALAWI;BENTENG;1219030018004B
12;19;030;018;005B;SUMATERA UTARA;BATU BARA;TALAWI;BENTENG;1219030018005B
12;19;030;018;006B;SUMATERA UTARA;BATU BARA;TALAWI;BENTENG;1219030018006B
12;19;030;018;007B;SUMATERA UTARA;BATU BARA;TALAWI;BENTENG;1219030018007B
12;19;030;018;008B;SUMATERA UTARA;BATU BARA;TALAWI;BENTENG;1219030018008B
12;19;030;018;009B;SUMATERA UTARA;BATU BARA;TALAWI;BENTENG;1219030018009B
12;19;030;018;010B;SUMATERA UTARA;BATU BARA;TALAWI;BENTENG;1219030018010B
12;19;030;019;003B;SUMATERA UTARA;BATU BARA;TALAWI;INDRA YAMAN;1219030019003B
12;19;030;019;004B;SUMATERA UTARA;BATU BARA;TALAWI;INDRA YAMAN;1219030019004B
12;19;030;019;005B;SUMATERA UTARA;BATU BARA;TALAWI;INDRA YAMAN;1219030019005B
12;19;030;019;006B;SUMATERA UTARA;BATU BARA;TALAWI;INDRA YAMAN;1219030019006B
12;19;030;019;007B;SUMATERA UTARA;BATU BARA;TALAWI;INDRA YAMAN;1219030019007B
12;19;030;019;013B;SUMATERA UTARA;BATU BARA;TALAWI;INDRA YAMAN;1219030019013B
12;19;030;019;014B;SUMATERA UTARA;BATU BARA;TALAWI;INDRA YAMAN;1219030019014B
12;19;030;019;015B;SUMATERA UTARA;BATU BARA;TALAWI;INDRA YAMAN;1219030019015B
12;19;030;019;016B;SUMATERA UTARA;BATU BARA;TALAWI;INDRA YAMAN;1219030019016B
12;19;030;019;017B;SUMATERA UTARA;BATU BARA;TALAWI;INDRA YAMAN;1219030019017B
12;19;030;019;018B;SUMATERA UTARA;BATU BARA;TALAWI;INDRA YAMAN;1219030019018B
12;19;030;020;009B;SUMATERA UTARA;BATU BARA;TALAWI;DAHARI INDAH;1219030020009B
12;19;030;020;010B;SUMATERA UTARA;BATU BARA;TALAWI;DAHARI INDAH;1219030020010B
12;19;030;020;011B;SUMATERA UTARA;BATU BARA;TALAWI;DAHARI INDAH;1219030020011B
12;19;030;020;012B;SUMATERA UTARA;BATU BARA;TALAWI;DAHARI INDAH;1219030020012B
12;19;030;020;013B;SUMATERA UTARA;BATU BARA;TALAWI;DAHARI INDAH;1219030020013B
12;19;030;020;014B;SUMATERA UTARA;BATU BARA;TALAWI;DAHARI INDAH;1219030020014B
12;19;030;020;015B;SUMATERA UTARA;BATU BARA;TALAWI;DAHARI INDAH;1219030020015B
12;19;031;001;001B;SUMATERA UTARA;BATU BARA;DATUK TANAH DATAR;PETATAL;1219031001001B
12;19;031;001;002B;SUMATERA UTARA;BATU BARA;DATUK TANAH DATAR;PETATAL;1219031001002B
12;19;031;001;003B;SUMATERA UTARA;BATU BARA;DATUK TANAH DATAR;PETATAL;1219031001003B
12;19;031;001;004B;SUMATERA UTARA;BATU BARA;DATUK TANAH DATAR;PETATAL;1219031001004B
12;19;031;001;005B;SUMATERA UTARA;BATU BARA;DATUK TANAH DATAR;PETATAL;1219031001005B
12;19;031;001;009B;SUMATERA UTARA;BATU BARA;DATUK TANAH DATAR;PETATAL;1219031001009B
12;19;031;001;010B;SUMATERA UTARA;BATU BARA;DATUK TANAH DATAR;PETATAL;1219031001010B
12;19;031;001;011B;SUMATERA UTARA;BATU BARA;DATUK TANAH DATAR;PETATAL;1219031001011B
12;19;031;002;001P;SUMATERA UTARA;BATU BARA;DATUK TANAH DATAR;PERKEBUNAN TANAH DATAR;1219031002001P
12;19;031;002;002P;SUMATERA UTARA;BATU BARA;DATUK TANAH DATAR;PERKEBUNAN TANAH DATAR;1219031002002P
12;19;031;002;003B;SUMATERA UTARA;BATU BARA;DATUK TANAH DATAR;PERKEBUNAN TANAH DATAR;1219031002003B
12;19;031;002;004P;SUMATERA UTARA;BATU BARA;DATUK TANAH DATAR;PERKEBUNAN TANAH DATAR;1219031002004P
12;19;031;002;005B;SUMATERA UTARA;BATU BARA;DATUK TANAH DATAR;PERKEBUNAN TANAH DATAR;1219031002005B
12;19;031;002;006B;SUMATERA UTARA;BATU BARA;DATUK TANAH DATAR;PERKEBUNAN TANAH DATAR;1219031002006B
12;19;031;003;001B;SUMATERA UTARA;BATU BARA;DATUK TANAH DATAR;KARANG BARU;1219031003001B
12;19;031;003;002B;SUMATERA UTARA;BATU BARA;DATUK TANAH DATAR;KARANG BARU;1219031003002B
12;19;031;003;003B;SUMATERA UTARA;BATU BARA;DATUK TANAH DATAR;KARANG BARU;1219031003003B
12;19;031;003;004B;SUMATERA UTARA;BATU BARA;DATUK TANAH DATAR;KARANG BARU;1219031003004B
12;19;031;003;005B;SUMATERA UTARA;BATU BARA;DATUK TANAH DATAR;KARANG BARU;1219031003005B
12;19;031;003;006B;SUMATERA UTARA;BATU BARA;DATUK TANAH DATAR;KARANG BARU;1219031003006B
12;19;031;003;007B;SUMATERA UTARA;BATU BARA;DATUK TANAH DATAR;KARANG BARU;1219031003007B
12;19;031;003;008B;SUMATERA UTARA;BATU BARA;DATUK TANAH DATAR;KARANG BARU;1219031003008B
12;19;031;004;001B;SUMATERA UTARA;BATU BARA;DATUK TANAH DATAR;BANGUN SARI;1219031004001B
12;19;031;004;002B;SUMATERA UTARA;BATU BARA;DATUK TANAH DATAR;BANGUN SARI;1219031004002B
12;19;031;004;003B;SUMATERA UTARA;BATU BARA;DATUK TANAH DATAR;BANGUN SARI;1219031004003B
12;19;031;004;004B;SUMATERA UTARA;BATU BARA;DATUK TANAH DATAR;BANGUN SARI;1219031004004B
12;19;031;004;005B;SUMATERA UTARA;BATU BARA;DATUK TANAH DATAR;BANGUN SARI;1219031004005B
12;19;031;004;006B;SUMATERA UTARA;BATU BARA;DATUK TANAH DATAR;BANGUN SARI;1219031004006B
12;19;031;004;007B;SUMATERA UTARA;BATU BARA;DATUK TANAH DATAR;BANGUN SARI;1219031004007B
12;19;031;004;008B;SUMATERA UTARA;BATU BARA;DATUK TANAH DATAR;BANGUN SARI;1219031004008B
12;19;031;004;009B;SUMATERA UTARA;BATU BARA;DATUK TANAH DATAR;BANGUN SARI;1219031004009B
12;19;031;004;010P;SUMATERA UTARA;BATU BARA;DATUK TANAH DATAR;BANGUN SARI;1219031004010P
12;19;031;005;001B;SUMATERA UTARA;BATU BARA;DATUK TANAH DATAR;BINJEI BARU;1219031005001B
12;19;031;005;002B;SUMATERA UTARA;BATU BARA;DATUK TANAH DATAR;BINJEI BARU;1219031005002B
12;19;031;005;003B;SUMATERA UTARA;BATU BARA;DATUK TANAH DATAR;BINJEI BARU;1219031005003B
12;19;031;005;004B;SUMATERA UTARA;BATU BARA;DATUK TANAH DATAR;BINJEI BARU;1219031005004B
12;19;031;005;005B;SUMATERA UTARA;BATU BARA;DATUK TANAH DATAR;BINJEI BARU;1219031005005B
12;19;031;005;006B;SUMATERA UTARA;BATU BARA;DATUK TANAH DATAR;BINJEI BARU;1219031005006B
12;19;031;005;007B;SUMATERA UTARA;BATU BARA;DATUK TANAH DATAR;BINJEI BARU;1219031005007B
12;19;031;005;008B;SUMATERA UTARA;BATU BARA;DATUK TANAH DATAR;BINJEI BARU;1219031005008B
12;19;031;005;009B;SUMATERA UTARA;BATU BARA;DATUK TANAH DATAR;BINJEI BARU;1219031005009B
12;19;031;006;001B;SUMATERA UTARA;BATU BARA;DATUK TANAH DATAR;SEI MUKA;1219031006001B
12;19;031;006;002B;SUMATERA UTARA;BATU BARA;DATUK TANAH DATAR;SEI MUKA;1219031006002B
12;19;031;006;003B;SUMATERA UTARA;BATU BARA;DATUK TANAH DATAR;SEI MUKA;1219031006003B
12;19;031;006;004B;SUMATERA UTARA;BATU BARA;DATUK TANAH DATAR;SEI MUKA;1219031006004B
12;19;031;006;005B;SUMATERA UTARA;BATU BARA;DATUK TANAH DATAR;SEI MUKA;1219031006005B
12;19;031;006;007B;SUMATERA UTARA;BATU BARA;DATUK TANAH DATAR;SEI MUKA;1219031006007B
12;19;031;006;008B;SUMATERA UTARA;BATU BARA;DATUK TANAH DATAR;SEI MUKA;1219031006008B
12;19;031;006;009B;SUMATERA UTARA;BATU BARA;DATUK TANAH DATAR;SEI MUKA;1219031006009B
12;19;031;006;010B;SUMATERA UTARA;BATU BARA;DATUK TANAH DATAR;SEI MUKA;1219031006010B
12;19;031;007;001P;SUMATERA UTARA;BATU BARA;DATUK TANAH DATAR;PERKEBUNAN PETATAL;1219031007001P
12;19;031;007;002B;SUMATERA UTARA;BATU BARA;DATUK TANAH DATAR;PERKEBUNAN PETATAL;1219031007002B
12;19;031;007;003P;SUMATERA UTARA;BATU BARA;DATUK TANAH DATAR;PERKEBUNAN PETATAL;1219031007003P
12;19;031;007;004B;SUMATERA UTARA;BATU BARA;DATUK TANAH DATAR;PERKEBUNAN PETATAL;1219031007004B
12;19;031;007;005P;SUMATERA UTARA;BATU BARA;DATUK TANAH DATAR;PERKEBUNAN PETATAL;1219031007005P
12;19;031;007;006B;SUMATERA UTARA;BATU BARA;DATUK TANAH DATAR;PERKEBUNAN PETATAL;1219031007006B
12;19;031;007;007P;SUMATERA UTARA;BATU BARA;DATUK TANAH DATAR;PERKEBUNAN PETATAL;1219031007007P
12;19;031;007;008B;SUMATERA UTARA;BATU BARA;DATUK TANAH DATAR;PERKEBUNAN PETATAL;1219031007008B
12;19;031;007;009B;SUMATERA UTARA;BATU BARA;DATUK TANAH DATAR;PERKEBUNAN PETATAL;1219031007009B
12;19;031;007;010P;SUMATERA UTARA;BATU BARA;DATUK TANAH DATAR;PERKEBUNAN PETATAL;1219031007010P
12;19;031;008;012B;SUMATERA UTARA;BATU BARA;DATUK TANAH DATAR;GLUGUR MAKMUR;1219031008012B
12;19;031;008;013B;SUMATERA UTARA;BATU BARA;DATUK TANAH DATAR;GLUGUR MAKMUR;1219031008013B
12;19;031;008;014B;SUMATERA UTARA;BATU BARA;DATUK TANAH DATAR;GLUGUR MAKMUR;1219031008014B
12;19;031;009;006B;SUMATERA UTARA;BATU BARA;DATUK TANAH DATAR;MEKAR BARU;1219031009006B
12;19;031;009;007B;SUMATERA UTARA;BATU BARA;DATUK TANAH DATAR;MEKAR BARU;1219031009007B
12;19;031;009;008B;SUMATERA UTARA;BATU BARA;DATUK TANAH DATAR;MEKAR BARU;1219031009008B
12;19;031;009;015B;SUMATERA UTARA;BATU BARA;DATUK TANAH DATAR;MEKAR BARU;1219031009015B
12;19;031;009;016B;SUMATERA UTARA;BATU BARA;DATUK TANAH DATAR;MEKAR BARU;1219031009016B
12;19;031;009;017B;SUMATERA UTARA;BATU BARA;DATUK TANAH DATAR;MEKAR BARU;1219031009017B
12;19;031;009;018B;SUMATERA UTARA;BATU BARA;DATUK TANAH DATAR;MEKAR BARU;1219031009018B
12;19;031;009;019B;SUMATERA UTARA;BATU BARA;DATUK TANAH DATAR;MEKAR BARU;1219031009019B
12;19;031;010;006P;SUMATERA UTARA;BATU BARA;DATUK TANAH DATAR;SUMBER TANI;1219031010006P
12;19;031;010;011B;SUMATERA UTARA;BATU BARA;DATUK TANAH DATAR;SUMBER TANI;1219031010011B
12;19;031;010;012B;SUMATERA UTARA;BATU BARA;DATUK TANAH DATAR;SUMBER TANI;1219031010012B
12;19;031;010;013B;SUMATERA UTARA;BATU BARA;DATUK TANAH DATAR;SUMBER TANI;1219031010013B
12;19;031;010;014B;SUMATERA UTARA;BATU BARA;DATUK TANAH DATAR;SUMBER TANI;1219031010014B
12;19;031;010;015B;SUMATERA UTARA;BATU BARA;DATUK TANAH DATAR;SUMBER TANI;1219031010015B
12;19;031;010;016B;SUMATERA UTARA;BATU BARA;DATUK TANAH DATAR;SUMBER TANI;1219031010016B
12;19;031;010;017B;SUMATERA UTARA;BATU BARA;DATUK TANAH DATAR;SUMBER TANI;1219031010017B
12;19;031;010;018B;SUMATERA UTARA;BATU BARA;DATUK TANAH DATAR;SUMBER TANI;1219031010018B
12;19;040;001;001B;SUMATERA UTARA;BATU BARA;LIMAPULUH;MANGKAI BARU;1219040001001B
12;19;040;001;002B;SUMATERA UTARA;BATU BARA;LIMAPULUH;MANGKAI BARU;1219040001002B
12;19;040;001;003B;SUMATERA UTARA;BATU BARA;LIMAPULUH;MANGKAI BARU;1219040001003B
12;19;040;001;004B;SUMATERA UTARA;BATU BARA;LIMAPULUH;MANGKAI BARU;1219040001004B
12;19;040;001;005B;SUMATERA UTARA;BATU BARA;LIMAPULUH;MANGKAI BARU;1219040001005B
12;19;040;001;006B;SUMATERA UTARA;BATU BARA;LIMAPULUH;MANGKAI BARU;1219040001006B
12;19;040;001;007B;SUMATERA UTARA;BATU BARA;LIMAPULUH;MANGKAI BARU;1219040001007B
12;19;040;001;008B;SUMATERA UTARA;BATU BARA;LIMAPULUH;MANGKAI BARU;1219040001008B
12;19;040;001;009B;SUMATERA UTARA;BATU BARA;LIMAPULUH;MANGKAI BARU;1219040001009B
12;19;040;001;010B;SUMATERA UTARA;BATU BARA;LIMAPULUH;MANGKAI BARU;1219040001010B
12;19;040;002;001B;SUMATERA UTARA;BATU BARA;LIMAPULUH;MANGKAI LAMA;1219040002001B
12;19;040;002;002B;SUMATERA UTARA;BATU BARA;LIMAPULUH;MANGKAI LAMA;1219040002002B
12;19;040;002;003B;SUMATERA UTARA;BATU BARA;LIMAPULUH;MANGKAI LAMA;1219040002003B
12;19;040;002;004B;SUMATERA UTARA;BATU BARA;LIMAPULUH;MANGKAI LAMA;1219040002004B
12;19;040;002;005B;SUMATERA UTARA;BATU BARA;LIMAPULUH;MANGKAI LAMA;1219040002005B
12;19;040;002;006B;SUMATERA UTARA;BATU BARA;LIMAPULUH;MANGKAI LAMA;1219040002006B
12;19;040;002;007B;SUMATERA UTARA;BATU BARA;LIMAPULUH;MANGKAI LAMA;1219040002007B
12;19;040;002;008B;SUMATERA UTARA;BATU BARA;LIMAPULUH;MANGKAI LAMA;1219040002008B
12;19;040;002;009B;SUMATERA UTARA;BATU BARA;LIMAPULUH;MANGKAI LAMA;1219040002009B
12;19;040;003;001B;SUMATERA UTARA;BATU BARA;LIMAPULUH;LIMA PULUH KOTA;1219040003001B
12;19;040;003;002B;SUMATERA UTARA;BATU BARA;LIMAPULUH;LIMA PULUH KOTA;1219040003002B
12;19;040;003;003B;SUMATERA UTARA;BATU BARA;LIMAPULUH;LIMA PULUH KOTA;1219040003003B
12;19;040;003;004B;SUMATERA UTARA;BATU BARA;LIMAPULUH;LIMA PULUH KOTA;1219040003004B
12;19;040;003;005B;SUMATERA UTARA;BATU BARA;LIMAPULUH;LIMA PULUH KOTA;1219040003005B
12;19;040;003;006B;SUMATERA UTARA;BATU BARA;LIMAPULUH;LIMA PULUH KOTA;1219040003006B
12;19;040;003;007B;SUMATERA UTARA;BATU BARA;LIMAPULUH;LIMA PULUH KOTA;1219040003007B
12;19;040;003;008B;SUMATERA UTARA;BATU BARA;LIMAPULUH;LIMA PULUH KOTA;1219040003008B
12;19;040;003;009B;SUMATERA UTARA;BATU BARA;LIMAPULUH;LIMA PULUH KOTA;1219040003009B
12;19;040;003;010B;SUMATERA UTARA;BATU BARA;LIMAPULUH;LIMA PULUH KOTA;1219040003010B
12;19;040;003;011B;SUMATERA UTARA;BATU BARA;LIMAPULUH;LIMA PULUH KOTA;1219040003011B
12;19;040;003;012B;SUMATERA UTARA;BATU BARA;LIMAPULUH;LIMA PULUH KOTA;1219040003012B
12;19;040;003;013B;SUMATERA UTARA;BATU BARA;LIMAPULUH;LIMA PULUH KOTA;1219040003013B
12;19;040;003;014B;SUMATERA UTARA;BATU BARA;LIMAPULUH;LIMA PULUH KOTA;1219040003014B
12;19;040;004;001P;SUMATERA UTARA;BATU BARA;LIMAPULUH;PERKEBUNAN DOLOK;1219040004001P
12;19;040;004;002B;SUMATERA UTARA;BATU BARA;LIMAPULUH;PERKEBUNAN DOLOK;1219040004002B
12;19;040;004;003P;SUMATERA UTARA;BATU BARA;LIMAPULUH;PERKEBUNAN DOLOK;1219040004003P
12;19;040;004;004B;SUMATERA UTARA;BATU BARA;LIMAPULUH;PERKEBUNAN DOLOK;1219040004004B
12;19;040;004;005B;SUMATERA UTARA;BATU BARA;LIMAPULUH;PERKEBUNAN DOLOK;1219040004005B
12;19;040;005;001B;SUMATERA UTARA;BATU BARA;LIMAPULUH;SUMBER PADI;1219040005001B
12;19;040;005;002B;SUMATERA UTARA;BATU BARA;LIMAPULUH;SUMBER PADI;1219040005002B
12;19;040;005;003B;SUMATERA UTARA;BATU BARA;LIMAPULUH;SUMBER PADI;1219040005003B
12;19;040;005;004B;SUMATERA UTARA;BATU BARA;LIMAPULUH;SUMBER PADI;1219040005004B
12;19;040;005;005B;SUMATERA UTARA;BATU BARA;LIMAPULUH;SUMBER PADI;1219040005005B
12;19;040;005;006B;SUMATERA UTARA;BATU BARA;LIMAPULUH;SUMBER PADI;1219040005006B
12;19;040;005;007B;SUMATERA UTARA;BATU BARA;LIMAPULUH;SUMBER PADI;1219040005007B
12;19;040;005;008B;SUMATERA UTARA;BATU BARA;LIMAPULUH;SUMBER PADI;1219040005008B
12;19;040;005;009B;SUMATERA UTARA;BATU BARA;LIMAPULUH;SUMBER PADI;1219040005009B
12;19;040;005;010B;SUMATERA UTARA;BATU BARA;LIMAPULUH;SUMBER PADI;1219040005010B
12;19;040;005;011B;SUMATERA UTARA;BATU BARA;LIMAPULUH;SUMBER PADI;1219040005011B
12;19;040;005;012B;SUMATERA UTARA;BATU BARA;LIMAPULUH;SUMBER PADI;1219040005012B
12;19;040;006;001P;SUMATERA UTARA;BATU BARA;LIMAPULUH;PERKEBUNAN LIMAU MANIS;1219040006001P
12;19;040;006;002B;SUMATERA UTARA;BATU BARA;LIMAPULUH;PERKEBUNAN LIMAU MANIS;1219040006002B
12;19;040;006;003P;SUMATERA UTARA;BATU BARA;LIMAPULUH;PERKEBUNAN LIMAU MANIS;1219040006003P
12;19;040;006;004P;SUMATERA UTARA;BATU BARA;LIMAPULUH;PERKEBUNAN LIMAU MANIS;1219040006004P
12;19;040;006;005P;SUMATERA UTARA;BATU BARA;LIMAPULUH;PERKEBUNAN LIMAU MANIS;1219040006005P
12;19;040;007;001B;SUMATERA UTARA;BATU BARA;LIMAPULUH;ANTARA;1219040007001B
12;19;040;007;002B;SUMATERA UTARA;BATU BARA;LIMAPULUH;ANTARA;1219040007002B
12;19;040;007;003B;SUMATERA UTARA;BATU BARA;LIMAPULUH;ANTARA;1219040007003B
12;19;040;007;004B;SUMATERA UTARA;BATU BARA;LIMAPULUH;ANTARA;1219040007004B
12;19;040;007;005B;SUMATERA UTARA;BATU BARA;LIMAPULUH;ANTARA;1219040007005B
12;19;040;007;006B;SUMATERA UTARA;BATU BARA;LIMAPULUH;ANTARA;1219040007006B
12;19;040;007;007B;SUMATERA UTARA;BATU BARA;LIMAPULUH;ANTARA;1219040007007B
12;19;040;007;008B;SUMATERA UTARA;BATU BARA;LIMAPULUH;ANTARA;1219040007008B
12;19;040;008;001P;SUMATERA UTARA;BATU BARA;LIMAPULUH;PERKEBUNAN KWALA GUNUNG;1219040008001P
12;19;040;008;002P;SUMATERA UTARA;BATU BARA;LIMAPULUH;PERKEBUNAN KWALA GUNUNG;1219040008002P
12;19;040;008;003B;SUMATERA UTARA;BATU BARA;LIMAPULUH;PERKEBUNAN KWALA GUNUNG;1219040008003B
12;19;040;008;004P;SUMATERA UTARA;BATU BARA;LIMAPULUH;PERKEBUNAN KWALA GUNUNG;1219040008004P
12;19;040;008;005P;SUMATERA UTARA;BATU BARA;LIMAPULUH;PERKEBUNAN KWALA GUNUNG;1219040008005P
12;19;040;008;006P;SUMATERA UTARA;BATU BARA;LIMAPULUH;PERKEBUNAN KWALA GUNUNG;1219040008006P
12;19;040;013;001B;SUMATERA UTARA;BATU BARA;LIMAPULUH;PERKEBUNAN  LIMA PULUH;1219040013001B
12;19;040;013;002B;SUMATERA UTARA;BATU BARA;LIMAPULUH;PERKEBUNAN  LIMA PULUH;1219040013002B
12;19;040;013;003B;SUMATERA UTARA;BATU BARA;LIMAPULUH;PERKEBUNAN  LIMA PULUH;1219040013003B
12;19;040;013;004B;SUMATERA UTARA;BATU BARA;LIMAPULUH;PERKEBUNAN  LIMA PULUH;1219040013004B
12;19;040;013;005B;SUMATERA UTARA;BATU BARA;LIMAPULUH;PERKEBUNAN  LIMA PULUH;1219040013005B
12;19;040;013;006B;SUMATERA UTARA;BATU BARA;LIMAPULUH;PERKEBUNAN  LIMA PULUH;1219040013006B
12;19;040;013;007B;SUMATERA UTARA;BATU BARA;LIMAPULUH;PERKEBUNAN  LIMA PULUH;1219040013007B
12;19;040;013;008P;SUMATERA UTARA;BATU BARA;LIMAPULUH;PERKEBUNAN  LIMA PULUH;1219040013008P
12;19;040;014;001B;SUMATERA UTARA;BATU BARA;LIMAPULUH;SUMBER MAKMUR;1219040014001B
12;19;040;014;002B;SUMATERA UTARA;BATU BARA;LIMAPULUH;SUMBER MAKMUR;1219040014002B
12;19;040;014;003B;SUMATERA UTARA;BATU BARA;LIMAPULUH;SUMBER MAKMUR;1219040014003B
12;19;040;014;004B;SUMATERA UTARA;BATU BARA;LIMAPULUH;SUMBER MAKMUR;1219040014004B
12;19;040;014;005B;SUMATERA UTARA;BATU BARA;LIMAPULUH;SUMBER MAKMUR;1219040014005B
12;19;040;014;006B;SUMATERA UTARA;BATU BARA;LIMAPULUH;SUMBER MAKMUR;1219040014006B
12;19;040;015;001P;SUMATERA UTARA;BATU BARA;LIMAPULUH;PERKEBUNAN TANAH GAMBUS;1219040015001P
12;19;040;015;002B;SUMATERA UTARA;BATU BARA;LIMAPULUH;PERKEBUNAN TANAH GAMBUS;1219040015002B
12;19;040;015;003B;SUMATERA UTARA;BATU BARA;LIMAPULUH;PERKEBUNAN TANAH GAMBUS;1219040015003B
12;19;040;015;004B;SUMATERA UTARA;BATU BARA;LIMAPULUH;PERKEBUNAN TANAH GAMBUS;1219040015004B
12;19;040;015;005B;SUMATERA UTARA;BATU BARA;LIMAPULUH;PERKEBUNAN TANAH GAMBUS;1219040015005B
12;19;040;015;006B;SUMATERA UTARA;BATU BARA;LIMAPULUH;PERKEBUNAN TANAH GAMBUS;1219040015006B
12;19;040;015;007B;SUMATERA UTARA;BATU BARA;LIMAPULUH;PERKEBUNAN TANAH GAMBUS;1219040015007B
12;19;040;015;008B;SUMATERA UTARA;BATU BARA;LIMAPULUH;PERKEBUNAN TANAH GAMBUS;1219040015008B
12;19;040;015;009B;SUMATERA UTARA;BATU BARA;LIMAPULUH;PERKEBUNAN TANAH GAMBUS;1219040015009B
12;19;040;015;010P;SUMATERA UTARA;BATU BARA;LIMAPULUH;PERKEBUNAN TANAH GAMBUS;1219040015010P
12;19;040;015;011B;SUMATERA UTARA;BATU BARA;LIMAPULUH;PERKEBUNAN TANAH GAMBUS;1219040015011B
12;19;040;015;012P;SUMATERA UTARA;BATU BARA;LIMAPULUH;PERKEBUNAN TANAH GAMBUS;1219040015012P
12;19;040;015;013B;SUMATERA UTARA;BATU BARA;LIMAPULUH;PERKEBUNAN TANAH GAMBUS;1219040015013B
12;19;040;015;014B;SUMATERA UTARA;BATU BARA;LIMAPULUH;PERKEBUNAN TANAH GAMBUS;1219040015014B
12;19;040;015;015P;SUMATERA UTARA;BATU BARA;LIMAPULUH;PERKEBUNAN TANAH GAMBUS;1219040015015P
12;19;040;027;001B;SUMATERA UTARA;BATU BARA;LIMAPULUH;SIMPANG GAMBUS;1219040027001B
12;19;040;027;002B;SUMATERA UTARA;BATU BARA;LIMAPULUH;SIMPANG GAMBUS;1219040027002B
12;19;040;027;003B;SUMATERA UTARA;BATU BARA;LIMAPULUH;SIMPANG GAMBUS;1219040027003B
12;19;040;027;004B;SUMATERA UTARA;BATU BARA;LIMAPULUH;SIMPANG GAMBUS;1219040027004B
12;19;040;027;005B;SUMATERA UTARA;BATU BARA;LIMAPULUH;SIMPANG GAMBUS;1219040027005B
12;19;040;027;006B;SUMATERA UTARA;BATU BARA;LIMAPULUH;SIMPANG GAMBUS;1219040027006B
12;19;040;027;007B;SUMATERA UTARA;BATU BARA;LIMAPULUH;SIMPANG GAMBUS;1219040027007B
12;19;040;027;008B;SUMATERA UTARA;BATU BARA;LIMAPULUH;SIMPANG GAMBUS;1219040027008B
12;19;040;027;009B;SUMATERA UTARA;BATU BARA;LIMAPULUH;SIMPANG GAMBUS;1219040027009B
12;19;040;027;010B;SUMATERA UTARA;BATU BARA;LIMAPULUH;SIMPANG GAMBUS;1219040027010B
12;19;040;027;011B;SUMATERA UTARA;BATU BARA;LIMAPULUH;SIMPANG GAMBUS;1219040027011B
12;19;040;027;012B;SUMATERA UTARA;BATU BARA;LIMAPULUH;SIMPANG GAMBUS;1219040027012B
12;19;040;027;013B;SUMATERA UTARA;BATU BARA;LIMAPULUH;SIMPANG GAMBUS;1219040027013B
12;19;040;027;014B;SUMATERA UTARA;BATU BARA;LIMAPULUH;SIMPANG GAMBUS;1219040027014B
12;19;040;027;015B;SUMATERA UTARA;BATU BARA;LIMAPULUH;SIMPANG GAMBUS;1219040027015B
12;19;040;027;016B;SUMATERA UTARA;BATU BARA;LIMAPULUH;SIMPANG GAMBUS;1219040027016B
12;19;040;027;017P;SUMATERA UTARA;BATU BARA;LIMAPULUH;SIMPANG GAMBUS;1219040027017P
12;19;041;001;002B;SUMATERA UTARA;BATU BARA;LIMA PULUH PESISIR;GUNTUNG;1219041001002B
12;19;041;001;003B;SUMATERA UTARA;BATU BARA;LIMA PULUH PESISIR;GUNTUNG;1219041001003B
12;19;041;001;004B;SUMATERA UTARA;BATU BARA;LIMA PULUH PESISIR;GUNTUNG;1219041001004B
12;19;041;001;006B;SUMATERA UTARA;BATU BARA;LIMA PULUH PESISIR;GUNTUNG;1219041001006B
12;19;041;001;007B;SUMATERA UTARA;BATU BARA;LIMA PULUH PESISIR;GUNTUNG;1219041001007B
12;19;041;001;008B;SUMATERA UTARA;BATU BARA;LIMA PULUH PESISIR;GUNTUNG;1219041001008B
12;19;041;001;009B;SUMATERA UTARA;BATU BARA;LIMA PULUH PESISIR;GUNTUNG;1219041001009B
12;19;041;002;001P;SUMATERA UTARA;BATU BARA;LIMA PULUH PESISIR;PEMATANG PANJANG;1219041002001P
12;19;041;002;002P;SUMATERA UTARA;BATU BARA;LIMA PULUH PESISIR;PEMATANG PANJANG;1219041002002P
12;19;041;002;003B;SUMATERA UTARA;BATU BARA;LIMA PULUH PESISIR;PEMATANG PANJANG;1219041002003B
12;19;041;002;004B;SUMATERA UTARA;BATU BARA;LIMA PULUH PESISIR;PEMATANG PANJANG;1219041002004B
12;19;041;002;005B;SUMATERA UTARA;BATU BARA;LIMA PULUH PESISIR;PEMATANG PANJANG;1219041002005B
12;19;041;002;006B;SUMATERA UTARA;BATU BARA;LIMA PULUH PESISIR;PEMATANG PANJANG;1219041002006B
12;19;041;002;009B;SUMATERA UTARA;BATU BARA;LIMA PULUH PESISIR;PEMATANG PANJANG;1219041002009B
12;19;041;002;010B;SUMATERA UTARA;BATU BARA;LIMA PULUH PESISIR;PEMATANG PANJANG;1219041002010B
12;19;041;002;011B;SUMATERA UTARA;BATU BARA;LIMA PULUH PESISIR;PEMATANG PANJANG;1219041002011B
12;19;041;003;009B;SUMATERA UTARA;BATU BARA;LIMA PULUH PESISIR;BULAN-BULAN;1219041003009B
12;19;041;003;010B;SUMATERA UTARA;BATU BARA;LIMA PULUH PESISIR;BULAN-BULAN;1219041003010B
12;19;041;003;011B;SUMATERA UTARA;BATU BARA;LIMA PULUH PESISIR;BULAN-BULAN;1219041003011B
12;19;041;003;013B;SUMATERA UTARA;BATU BARA;LIMA PULUH PESISIR;BULAN-BULAN;1219041003013B
12;19;041;003;014B;SUMATERA UTARA;BATU BARA;LIMA PULUH PESISIR;BULAN-BULAN;1219041003014B
12;19;041;003;015B;SUMATERA UTARA;BATU BARA;LIMA PULUH PESISIR;BULAN-BULAN;1219041003015B
12;19;041;003;016B;SUMATERA UTARA;BATU BARA;LIMA PULUH PESISIR;BULAN-BULAN;1219041003016B
12;19;041;003;017P;SUMATERA UTARA;BATU BARA;LIMA PULUH PESISIR;BULAN-BULAN;1219041003017P
12;19;041;004;001P;SUMATERA UTARA;BATU BARA;LIMA PULUH PESISIR;PERUPUK;1219041004001P
12;19;041;004;002B;SUMATERA UTARA;BATU BARA;LIMA PULUH PESISIR;PERUPUK;1219041004002B
12;19;041;004;003B;SUMATERA UTARA;BATU BARA;LIMA PULUH PESISIR;PERUPUK;1219041004003B
12;19;041;004;004B;SUMATERA UTARA;BATU BARA;LIMA PULUH PESISIR;PERUPUK;1219041004004B
12;19;041;004;005P;SUMATERA UTARA;BATU BARA;LIMA PULUH PESISIR;PERUPUK;1219041004005P
12;19;041;004;006B;SUMATERA UTARA;BATU BARA;LIMA PULUH PESISIR;PERUPUK;1219041004006B
12;19;041;004;007B;SUMATERA UTARA;BATU BARA;LIMA PULUH PESISIR;PERUPUK;1219041004007B
12;19;041;004;008B;SUMATERA UTARA;BATU BARA;LIMA PULUH PESISIR;PERUPUK;1219041004008B
12;19;041;004;009B;SUMATERA UTARA;BATU BARA;LIMA PULUH PESISIR;PERUPUK;1219041004009B
12;19;041;004;010B;SUMATERA UTARA;BATU BARA;LIMA PULUH PESISIR;PERUPUK;1219041004010B
12;19;041;004;011B;SUMATERA UTARA;BATU BARA;LIMA PULUH PESISIR;PERUPUK;1219041004011B
12;19;041;004;012B;SUMATERA UTARA;BATU BARA;LIMA PULUH PESISIR;PERUPUK;1219041004012B
12;19;041;004;013B;SUMATERA UTARA;BATU BARA;LIMA PULUH PESISIR;PERUPUK;1219041004013B
12;19;041;004;014B;SUMATERA UTARA;BATU BARA;LIMA PULUH PESISIR;PERUPUK;1219041004014B
12;19;041;004;015B;SUMATERA UTARA;BATU BARA;LIMA PULUH PESISIR;PERUPUK;1219041004015B
12;19;041;004;016B;SUMATERA UTARA;BATU BARA;LIMA PULUH PESISIR;PERUPUK;1219041004016B
12;19;041;004;017B;SUMATERA UTARA;BATU BARA;LIMA PULUH PESISIR;PERUPUK;1219041004017B
12;19;041;004;018B;SUMATERA UTARA;BATU BARA;LIMA PULUH PESISIR;PERUPUK;1219041004018B
12;19;041;005;001P;SUMATERA UTARA;BATU BARA;LIMA PULUH PESISIR;GAMBUS LAUT;1219041005001P
12;19;041;005;002B;SUMATERA UTARA;BATU BARA;LIMA PULUH PESISIR;GAMBUS LAUT;1219041005002B
12;19;041;005;003B;SUMATERA UTARA;BATU BARA;LIMA PULUH PESISIR;GAMBUS LAUT;1219041005003B
12;19;041;005;004B;SUMATERA UTARA;BATU BARA;LIMA PULUH PESISIR;GAMBUS LAUT;1219041005004B
12;19;041;005;005B;SUMATERA UTARA;BATU BARA;LIMA PULUH PESISIR;GAMBUS LAUT;1219041005005B
12;19;041;005;006B;SUMATERA UTARA;BATU BARA;LIMA PULUH PESISIR;GAMBUS LAUT;1219041005006B
12;19;041;005;007B;SUMATERA UTARA;BATU BARA;LIMA PULUH PESISIR;GAMBUS LAUT;1219041005007B
12;19;041;005;008B;SUMATERA UTARA;BATU BARA;LIMA PULUH PESISIR;GAMBUS LAUT;1219041005008B
12;19;041;005;009P;SUMATERA UTARA;BATU BARA;LIMA PULUH PESISIR;GAMBUS LAUT;1219041005009P
12;19;041;005;010B;SUMATERA UTARA;BATU BARA;LIMA PULUH PESISIR;GAMBUS LAUT;1219041005010B
12;19;041;005;011B;SUMATERA UTARA;BATU BARA;LIMA PULUH PESISIR;GAMBUS LAUT;1219041005011B
12;19;041;005;012P;SUMATERA UTARA;BATU BARA;LIMA PULUH PESISIR;GAMBUS LAUT;1219041005012P
12;19;041;005;013B;SUMATERA UTARA;BATU BARA;LIMA PULUH PESISIR;GAMBUS LAUT;1219041005013B
12;19;041;005;014P;SUMATERA UTARA;BATU BARA;LIMA PULUH PESISIR;GAMBUS LAUT;1219041005014P
12;19;041;006;001B;SUMATERA UTARA;BATU BARA;LIMA PULUH PESISIR;LUBUK CUIK;1219041006001B
12;19;041;006;002B;SUMATERA UTARA;BATU BARA;LIMA PULUH PESISIR;LUBUK CUIK;1219041006002B
12;19;041;006;003B;SUMATERA UTARA;BATU BARA;LIMA PULUH PESISIR;LUBUK CUIK;1219041006003B
12;19;041;006;004B;SUMATERA UTARA;BATU BARA;LIMA PULUH PESISIR;LUBUK CUIK;1219041006004B
12;19;041;006;005B;SUMATERA UTARA;BATU BARA;LIMA PULUH PESISIR;LUBUK CUIK;1219041006005B
12;19;041;006;006B;SUMATERA UTARA;BATU BARA;LIMA PULUH PESISIR;LUBUK CUIK;1219041006006B
12;19;041;006;007B;SUMATERA UTARA;BATU BARA;LIMA PULUH PESISIR;LUBUK CUIK;1219041006007B
12;19;041;006;008B;SUMATERA UTARA;BATU BARA;LIMA PULUH PESISIR;LUBUK CUIK;1219041006008B
12;19;041;006;009B;SUMATERA UTARA;BATU BARA;LIMA PULUH PESISIR;LUBUK CUIK;1219041006009B
12;19;041;006;010P;SUMATERA UTARA;BATU BARA;LIMA PULUH PESISIR;LUBUK CUIK;1219041006010P
12;19;041;007;001B;SUMATERA UTARA;BATU BARA;LIMA PULUH PESISIR;TANAH ITAM HILIR;1219041007001B
12;19;041;007;002P;SUMATERA UTARA;BATU BARA;LIMA PULUH PESISIR;TANAH ITAM HILIR;1219041007002P
12;19;041;007;003P;SUMATERA UTARA;BATU BARA;LIMA PULUH PESISIR;TANAH ITAM HILIR;1219041007003P
12;19;041;007;004B;SUMATERA UTARA;BATU BARA;LIMA PULUH PESISIR;TANAH ITAM HILIR;1219041007004B
12;19;041;007;005B;SUMATERA UTARA;BATU BARA;LIMA PULUH PESISIR;TANAH ITAM HILIR;1219041007005B
12;19;041;007;006B;SUMATERA UTARA;BATU BARA;LIMA PULUH PESISIR;TANAH ITAM HILIR;1219041007006B
12;19;041;007;007B;SUMATERA UTARA;BATU BARA;LIMA PULUH PESISIR;TANAH ITAM HILIR;1219041007007B
12;19;041;008;001P;SUMATERA UTARA;BATU BARA;LIMA PULUH PESISIR;BARUNG-BARUNG;1219041008001P
12;19;041;008;005P;SUMATERA UTARA;BATU BARA;LIMA PULUH PESISIR;BARUNG-BARUNG;1219041008005P
12;19;041;008;006B;SUMATERA UTARA;BATU BARA;LIMA PULUH PESISIR;BARUNG-BARUNG;1219041008006B
12;19;041;008;012B;SUMATERA UTARA;BATU BARA;LIMA PULUH PESISIR;BARUNG-BARUNG;1219041008012B
12;19;041;008;013B;SUMATERA UTARA;BATU BARA;LIMA PULUH PESISIR;BARUNG-BARUNG;1219041008013B
12;19;041;009;001B;SUMATERA UTARA;BATU BARA;LIMA PULUH PESISIR;PASIR PERMIT;1219041009001B
12;19;041;009;002P;SUMATERA UTARA;BATU BARA;LIMA PULUH PESISIR;PASIR PERMIT;1219041009002P
12;19;041;009;005B;SUMATERA UTARA;BATU BARA;LIMA PULUH PESISIR;PASIR PERMIT;1219041009005B
12;19;041;010;007B;SUMATERA UTARA;BATU BARA;LIMA PULUH PESISIR;TITI PUTIH;1219041010007B
12;19;041;010;008B;SUMATERA UTARA;BATU BARA;LIMA PULUH PESISIR;TITI PUTIH;1219041010008B
12;19;041;010;009B;SUMATERA UTARA;BATU BARA;LIMA PULUH PESISIR;TITI PUTIH;1219041010009B
12;19;041;010;011B;SUMATERA UTARA;BATU BARA;LIMA PULUH PESISIR;TITI PUTIH;1219041010011B
12;19;041;010;012B;SUMATERA UTARA;BATU BARA;LIMA PULUH PESISIR;TITI PUTIH;1219041010012B
12;19;041;011;001B;SUMATERA UTARA;BATU BARA;LIMA PULUH PESISIR;GUNUNG BANDUNG;1219041011001B
12;19;041;011;002B;SUMATERA UTARA;BATU BARA;LIMA PULUH PESISIR;GUNUNG BANDUNG;1219041011002B
12;19;041;011;004B;SUMATERA UTARA;BATU BARA;LIMA PULUH PESISIR;GUNUNG BANDUNG;1219041011004B
12;19;041;011;005B;SUMATERA UTARA;BATU BARA;LIMA PULUH PESISIR;GUNUNG BANDUNG;1219041011005B
12;19;041;011;006B;SUMATERA UTARA;BATU BARA;LIMA PULUH PESISIR;GUNUNG BANDUNG;1219041011006B
12;19;041;012;002B;SUMATERA UTARA;BATU BARA;LIMA PULUH PESISIR;TITI MERAH;1219041012002B
12;19;041;012;003B;SUMATERA UTARA;BATU BARA;LIMA PULUH PESISIR;TITI MERAH;1219041012003B
12;19;041;012;007B;SUMATERA UTARA;BATU BARA;LIMA PULUH PESISIR;TITI MERAH;1219041012007B
12;19;041;012;008B;SUMATERA UTARA;BATU BARA;LIMA PULUH PESISIR;TITI MERAH;1219041012008B
12;19;041;012;011B;SUMATERA UTARA;BATU BARA;LIMA PULUH PESISIR;TITI MERAH;1219041012011B
12;19;041;012;012B;SUMATERA UTARA;BATU BARA;LIMA PULUH PESISIR;TITI MERAH;1219041012012B
12;19;041;012;013B;SUMATERA UTARA;BATU BARA;LIMA PULUH PESISIR;TITI MERAH;1219041012013B
12;19;041;012;017P;SUMATERA UTARA;BATU BARA;LIMA PULUH PESISIR;TITI MERAH;1219041012017P
12;19;041;013;010P;SUMATERA UTARA;BATU BARA;LIMA PULUH PESISIR;PEMATANG TENGAH;1219041013010P
12;19;041;013;011B;SUMATERA UTARA;BATU BARA;LIMA PULUH PESISIR;PEMATANG TENGAH;1219041013011B
12;19;041;013;012B;SUMATERA UTARA;BATU BARA;LIMA PULUH PESISIR;PEMATANG TENGAH;1219041013012B
12;19;041;013;013B;SUMATERA UTARA;BATU BARA;LIMA PULUH PESISIR;PEMATANG TENGAH;1219041013013B
12;19;042;001;001B;SUMATERA UTARA;BATU BARA;DATUK LIMA PULUH;KWALA GUNUNG;1219042001001B
12;19;042;001;002P;SUMATERA UTARA;BATU BARA;DATUK LIMA PULUH;KWALA GUNUNG;1219042001002P
12;19;042;001;003B;SUMATERA UTARA;BATU BARA;DATUK LIMA PULUH;KWALA GUNUNG;1219042001003B
12;19;042;001;004B;SUMATERA UTARA;BATU BARA;DATUK LIMA PULUH;KWALA GUNUNG;1219042001004B
12;19;042;001;005P;SUMATERA UTARA;BATU BARA;DATUK LIMA PULUH;KWALA GUNUNG;1219042001005P
12;19;042;001;006B;SUMATERA UTARA;BATU BARA;DATUK LIMA PULUH;KWALA GUNUNG;1219042001006B
12;19;042;001;007B;SUMATERA UTARA;BATU BARA;DATUK LIMA PULUH;KWALA GUNUNG;1219042001007B
12;19;042;002;001B;SUMATERA UTARA;BATU BARA;DATUK LIMA PULUH;CAHAYA PARDOMUAN;1219042002001B
12;19;042;002;002P;SUMATERA UTARA;BATU BARA;DATUK LIMA PULUH;CAHAYA PARDOMUAN;1219042002002P
12;19;042;002;003B;SUMATERA UTARA;BATU BARA;DATUK LIMA PULUH;CAHAYA PARDOMUAN;1219042002003B
12;19;042;002;004B;SUMATERA UTARA;BATU BARA;DATUK LIMA PULUH;CAHAYA PARDOMUAN;1219042002004B
12;19;042;002;005B;SUMATERA UTARA;BATU BARA;DATUK LIMA PULUH;CAHAYA PARDOMUAN;1219042002005B
12;19;042;002;006P;SUMATERA UTARA;BATU BARA;DATUK LIMA PULUH;CAHAYA PARDOMUAN;1219042002006P
12;19;042;003;001B;SUMATERA UTARA;BATU BARA;DATUK LIMA PULUH;SIMPANG DOLOK;1219042003001B
12;19;042;003;002B;SUMATERA UTARA;BATU BARA;DATUK LIMA PULUH;SIMPANG DOLOK;1219042003002B
12;19;042;003;003B;SUMATERA UTARA;BATU BARA;DATUK LIMA PULUH;SIMPANG DOLOK;1219042003003B
12;19;042;003;004B;SUMATERA UTARA;BATU BARA;DATUK LIMA PULUH;SIMPANG DOLOK;1219042003004B
12;19;042;003;005B;SUMATERA UTARA;BATU BARA;DATUK LIMA PULUH;SIMPANG DOLOK;1219042003005B
12;19;042;003;006B;SUMATERA UTARA;BATU BARA;DATUK LIMA PULUH;SIMPANG DOLOK;1219042003006B
12;19;042;003;007B;SUMATERA UTARA;BATU BARA;DATUK LIMA PULUH;SIMPANG DOLOK;1219042003007B
12;19;042;004;004P;SUMATERA UTARA;BATU BARA;DATUK LIMA PULUH;EMPAT NEGERI;1219042004004P
12;19;042;004;005B;SUMATERA UTARA;BATU BARA;DATUK LIMA PULUH;EMPAT NEGERI;1219042004005B
12;19;042;004;006B;SUMATERA UTARA;BATU BARA;DATUK LIMA PULUH;EMPAT NEGERI;1219042004006B
12;19;042;004;007B;SUMATERA UTARA;BATU BARA;DATUK LIMA PULUH;EMPAT NEGERI;1219042004007B
12;19;042;004;008B;SUMATERA UTARA;BATU BARA;DATUK LIMA PULUH;EMPAT NEGERI;1219042004008B
12;19;042;004;009B;SUMATERA UTARA;BATU BARA;DATUK LIMA PULUH;EMPAT NEGERI;1219042004009B
12;19;042;004;010B;SUMATERA UTARA;BATU BARA;DATUK LIMA PULUH;EMPAT NEGERI;1219042004010B
12;19;042;004;011B;SUMATERA UTARA;BATU BARA;DATUK LIMA PULUH;EMPAT NEGERI;1219042004011B
12;19;042;004;012B;SUMATERA UTARA;BATU BARA;DATUK LIMA PULUH;EMPAT NEGERI;1219042004012B
12;19;042;005;001P;SUMATERA UTARA;BATU BARA;DATUK LIMA PULUH;PERKEBUNAN TANAH ITAM ULU;1219042005001P
12;19;042;005;002B;SUMATERA UTARA;BATU BARA;DATUK LIMA PULUH;PERKEBUNAN TANAH ITAM ULU;1219042005002B
12;19;042;005;003B;SUMATERA UTARA;BATU BARA;DATUK LIMA PULUH;PERKEBUNAN TANAH ITAM ULU;1219042005003B
12;19;042;005;004B;SUMATERA UTARA;BATU BARA;DATUK LIMA PULUH;PERKEBUNAN TANAH ITAM ULU;1219042005004B
12;19;042;005;005P;SUMATERA UTARA;BATU BARA;DATUK LIMA PULUH;PERKEBUNAN TANAH ITAM ULU;1219042005005P
12;19;042;005;006B;SUMATERA UTARA;BATU BARA;DATUK LIMA PULUH;PERKEBUNAN TANAH ITAM ULU;1219042005006B
12;19;042;005;007B;SUMATERA UTARA;BATU BARA;DATUK LIMA PULUH;PERKEBUNAN TANAH ITAM ULU;1219042005007B
12;19;042;005;008P;SUMATERA UTARA;BATU BARA;DATUK LIMA PULUH;PERKEBUNAN TANAH ITAM ULU;1219042005008P
12;19;042;006;004B;SUMATERA UTARA;BATU BARA;DATUK LIMA PULUH;LUBUK BESAR;1219042006004B
12;19;042;006;006B;SUMATERA UTARA;BATU BARA;DATUK LIMA PULUH;LUBUK BESAR;1219042006006B
12;19;042;006;007B;SUMATERA UTARA;BATU BARA;DATUK LIMA PULUH;LUBUK BESAR;1219042006007B
12;19;042;006;008B;SUMATERA UTARA;BATU BARA;DATUK LIMA PULUH;LUBUK BESAR;1219042006008B
12;19;042;006;009B;SUMATERA UTARA;BATU BARA;DATUK LIMA PULUH;LUBUK BESAR;1219042006009B
12;19;042;006;010B;SUMATERA UTARA;BATU BARA;DATUK LIMA PULUH;LUBUK BESAR;1219042006010B
12;19;042;006;011B;SUMATERA UTARA;BATU BARA;DATUK LIMA PULUH;LUBUK BESAR;1219042006011B
12;19;042;006;012B;SUMATERA UTARA;BATU BARA;DATUK LIMA PULUH;LUBUK BESAR;1219042006012B
12;19;042;007;001B;SUMATERA UTARA;BATU BARA;DATUK LIMA PULUH;PULAU SEJUK;1219042007001B
12;19;042;007;002B;SUMATERA UTARA;BATU BARA;DATUK LIMA PULUH;PULAU SEJUK;1219042007002B
12;19;042;007;003B;SUMATERA UTARA;BATU BARA;DATUK LIMA PULUH;PULAU SEJUK;1219042007003B
12;19;042;007;004B;SUMATERA UTARA;BATU BARA;DATUK LIMA PULUH;PULAU SEJUK;1219042007004B
12;19;042;007;005B;SUMATERA UTARA;BATU BARA;DATUK LIMA PULUH;PULAU SEJUK;1219042007005B
12;19;042;007;006B;SUMATERA UTARA;BATU BARA;DATUK LIMA PULUH;PULAU SEJUK;1219042007006B
12;19;042;007;007B;SUMATERA UTARA;BATU BARA;DATUK LIMA PULUH;PULAU SEJUK;1219042007007B
12;19;042;007;008B;SUMATERA UTARA;BATU BARA;DATUK LIMA PULUH;PULAU SEJUK;1219042007008B
12;19;042;007;009B;SUMATERA UTARA;BATU BARA;DATUK LIMA PULUH;PULAU SEJUK;1219042007009B
12;19;042;007;010P;SUMATERA UTARA;BATU BARA;DATUK LIMA PULUH;PULAU SEJUK;1219042007010P
12;19;042;008;001B;SUMATERA UTARA;BATU BARA;DATUK LIMA PULUH;AIR HITAM;1219042008001B
12;19;042;008;002B;SUMATERA UTARA;BATU BARA;DATUK LIMA PULUH;AIR HITAM;1219042008002B
12;19;042;008;003B;SUMATERA UTARA;BATU BARA;DATUK LIMA PULUH;AIR HITAM;1219042008003B
12;19;042;008;004B;SUMATERA UTARA;BATU BARA;DATUK LIMA PULUH;AIR HITAM;1219042008004B
12;19;042;008;005B;SUMATERA UTARA;BATU BARA;DATUK LIMA PULUH;AIR HITAM;1219042008005B
12;19;042;008;007B;SUMATERA UTARA;BATU BARA;DATUK LIMA PULUH;AIR HITAM;1219042008007B
12;19;042;008;008B;SUMATERA UTARA;BATU BARA;DATUK LIMA PULUH;AIR HITAM;1219042008008B
12;19;042;008;009B;SUMATERA UTARA;BATU BARA;DATUK LIMA PULUH;AIR HITAM;1219042008009B
12;19;042;008;010B;SUMATERA UTARA;BATU BARA;DATUK LIMA PULUH;AIR HITAM;1219042008010B
12;19;042;008;011B;SUMATERA UTARA;BATU BARA;DATUK LIMA PULUH;AIR HITAM;1219042008011B
12;19;042;009;001B;SUMATERA UTARA;BATU BARA;DATUK LIMA PULUH;SUMBER REJO;1219042009001B
12;19;042;009;002B;SUMATERA UTARA;BATU BARA;DATUK LIMA PULUH;SUMBER REJO;1219042009002B
12;19;042;009;003B;SUMATERA UTARA;BATU BARA;DATUK LIMA PULUH;SUMBER REJO;1219042009003B
12;19;042;009;004B;SUMATERA UTARA;BATU BARA;DATUK LIMA PULUH;SUMBER REJO;1219042009004B
12;19;042;010;001B;SUMATERA UTARA;BATU BARA;DATUK LIMA PULUH;LUBUK HULU;1219042010001B
12;19;042;010;002B;SUMATERA UTARA;BATU BARA;DATUK LIMA PULUH;LUBUK HULU;1219042010002B
12;19;042;010;003B;SUMATERA UTARA;BATU BARA;DATUK LIMA PULUH;LUBUK HULU;1219042010003B
12;19;042;010;004B;SUMATERA UTARA;BATU BARA;DATUK LIMA PULUH;LUBUK HULU;1219042010004B
12;19;042;010;005B;SUMATERA UTARA;BATU BARA;DATUK LIMA PULUH;LUBUK HULU;1219042010005B
12;19;050;008;001B;SUMATERA UTARA;BATU BARA;AIR PUTIH;SIPARE-PARE;1219050008001B
12;19;050;008;002P;SUMATERA UTARA;BATU BARA;AIR PUTIH;SIPARE-PARE;1219050008002P
12;19;050;008;003B;SUMATERA UTARA;BATU BARA;AIR PUTIH;SIPARE-PARE;1219050008003B
12;19;050;008;010B;SUMATERA UTARA;BATU BARA;AIR PUTIH;SIPARE-PARE;1219050008010B
12;19;050;008;011B;SUMATERA UTARA;BATU BARA;AIR PUTIH;SIPARE-PARE;1219050008011B
12;19;050;008;012B;SUMATERA UTARA;BATU BARA;AIR PUTIH;SIPARE-PARE;1219050008012B
12;19;050;008;013B;SUMATERA UTARA;BATU BARA;AIR PUTIH;SIPARE-PARE;1219050008013B
12;19;050;008;014B;SUMATERA UTARA;BATU BARA;AIR PUTIH;SIPARE-PARE;1219050008014B
12;19;050;008;015B;SUMATERA UTARA;BATU BARA;AIR PUTIH;SIPARE-PARE;1219050008015B
12;19;050;009;005B;SUMATERA UTARA;BATU BARA;AIR PUTIH;PASAR LAPAN;1219050009005B
12;19;050;009;006B;SUMATERA UTARA;BATU BARA;AIR PUTIH;PASAR LAPAN;1219050009006B
12;19;050;009;007B;SUMATERA UTARA;BATU BARA;AIR PUTIH;PASAR LAPAN;1219050009007B
12;19;050;009;008B;SUMATERA UTARA;BATU BARA;AIR PUTIH;PASAR LAPAN;1219050009008B
12;19;050;009;009P;SUMATERA UTARA;BATU BARA;AIR PUTIH;PASAR LAPAN;1219050009009P
12;19;050;009;010B;SUMATERA UTARA;BATU BARA;AIR PUTIH;PASAR LAPAN;1219050009010B
12;19;050;009;011B;SUMATERA UTARA;BATU BARA;AIR PUTIH;PASAR LAPAN;1219050009011B
12;19;050;009;012B;SUMATERA UTARA;BATU BARA;AIR PUTIH;PASAR LAPAN;1219050009012B
12;19;050;009;013P;SUMATERA UTARA;BATU BARA;AIR PUTIH;PASAR LAPAN;1219050009013P
12;19;050;010;001B;SUMATERA UTARA;BATU BARA;AIR PUTIH;INDRAPURA;1219050010001B
12;19;050;010;002B;SUMATERA UTARA;BATU BARA;AIR PUTIH;INDRAPURA;1219050010002B
12;19;050;010;003B;SUMATERA UTARA;BATU BARA;AIR PUTIH;INDRAPURA;1219050010003B
12;19;050;010;004B;SUMATERA UTARA;BATU BARA;AIR PUTIH;INDRAPURA;1219050010004B
12;19;050;010;005B;SUMATERA UTARA;BATU BARA;AIR PUTIH;INDRAPURA;1219050010005B
12;19;050;010;006B;SUMATERA UTARA;BATU BARA;AIR PUTIH;INDRAPURA;1219050010006B
12;19;050;010;007B;SUMATERA UTARA;BATU BARA;AIR PUTIH;INDRAPURA;1219050010007B
12;19;050;010;008B;SUMATERA UTARA;BATU BARA;AIR PUTIH;INDRAPURA;1219050010008B
12;19;050;010;009B;SUMATERA UTARA;BATU BARA;AIR PUTIH;INDRAPURA;1219050010009B
12;19;050;010;010B;SUMATERA UTARA;BATU BARA;AIR PUTIH;INDRAPURA;1219050010010B
12;19;050;010;011B;SUMATERA UTARA;BATU BARA;AIR PUTIH;INDRAPURA;1219050010011B
12;19;050;011;001P;SUMATERA UTARA;BATU BARA;AIR PUTIH;TANAH MERAH;1219050011001P
12;19;050;011;002B;SUMATERA UTARA;BATU BARA;AIR PUTIH;TANAH MERAH;1219050011002B
12;19;050;011;003B;SUMATERA UTARA;BATU BARA;AIR PUTIH;TANAH MERAH;1219050011003B
12;19;050;011;004B;SUMATERA UTARA;BATU BARA;AIR PUTIH;TANAH MERAH;1219050011004B
12;19;050;011;005B;SUMATERA UTARA;BATU BARA;AIR PUTIH;TANAH MERAH;1219050011005B
12;19;050;011;006B;SUMATERA UTARA;BATU BARA;AIR PUTIH;TANAH MERAH;1219050011006B
12;19;050;011;007B;SUMATERA UTARA;BATU BARA;AIR PUTIH;TANAH MERAH;1219050011007B
12;19;050;011;008B;SUMATERA UTARA;BATU BARA;AIR PUTIH;TANAH MERAH;1219050011008B
12;19;050;012;001P;SUMATERA UTARA;BATU BARA;AIR PUTIH;TANJUNG MUDA;1219050012001P
12;19;050;012;002B;SUMATERA UTARA;BATU BARA;AIR PUTIH;TANJUNG MUDA;1219050012002B
12;19;050;012;003B;SUMATERA UTARA;BATU BARA;AIR PUTIH;TANJUNG MUDA;1219050012003B
12;19;050;012;004B;SUMATERA UTARA;BATU BARA;AIR PUTIH;TANJUNG MUDA;1219050012004B
12;19;050;012;005B;SUMATERA UTARA;BATU BARA;AIR PUTIH;TANJUNG MUDA;1219050012005B
12;19;050;012;006B;SUMATERA UTARA;BATU BARA;AIR PUTIH;TANJUNG MUDA;1219050012006B
12;19;050;013;001B;SUMATERA UTARA;BATU BARA;AIR PUTIH;TANAH TINGGI;1219050013001B
12;19;050;013;002B;SUMATERA UTARA;BATU BARA;AIR PUTIH;TANAH TINGGI;1219050013002B
12;19;050;013;003P;SUMATERA UTARA;BATU BARA;AIR PUTIH;TANAH TINGGI;1219050013003P
12;19;050;013;004B;SUMATERA UTARA;BATU BARA;AIR PUTIH;TANAH TINGGI;1219050013004B
12;19;050;013;005B;SUMATERA UTARA;BATU BARA;AIR PUTIH;TANAH TINGGI;1219050013005B
12;19;050;013;006B;SUMATERA UTARA;BATU BARA;AIR PUTIH;TANAH TINGGI;1219050013006B
12;19;050;013;007P;SUMATERA UTARA;BATU BARA;AIR PUTIH;TANAH TINGGI;1219050013007P
12;19;050;013;008B;SUMATERA UTARA;BATU BARA;AIR PUTIH;TANAH TINGGI;1219050013008B
12;19;050;013;009B;SUMATERA UTARA;BATU BARA;AIR PUTIH;TANAH TINGGI;1219050013009B
12;19;050;013;010B;SUMATERA UTARA;BATU BARA;AIR PUTIH;TANAH TINGGI;1219050013010B
12;19;050;013;011B;SUMATERA UTARA;BATU BARA;AIR PUTIH;TANAH TINGGI;1219050013011B
12;19;050;013;012B;SUMATERA UTARA;BATU BARA;AIR PUTIH;TANAH TINGGI;1219050013012B
12;19;050;013;013B;SUMATERA UTARA;BATU BARA;AIR PUTIH;TANAH TINGGI;1219050013013B
12;19;050;013;014B;SUMATERA UTARA;BATU BARA;AIR PUTIH;TANAH TINGGI;1219050013014B
12;19;050;013;015B;SUMATERA UTARA;BATU BARA;AIR PUTIH;TANAH TINGGI;1219050013015B
12;19;050;014;001B;SUMATERA UTARA;BATU BARA;AIR PUTIH;SUKARAJA;1219050014001B
12;19;050;014;002B;SUMATERA UTARA;BATU BARA;AIR PUTIH;SUKARAJA;1219050014002B
12;19;050;014;003B;SUMATERA UTARA;BATU BARA;AIR PUTIH;SUKARAJA;1219050014003B
12;19;050;014;004B;SUMATERA UTARA;BATU BARA;AIR PUTIH;SUKARAJA;1219050014004B
12;19;050;014;005B;SUMATERA UTARA;BATU BARA;AIR PUTIH;SUKARAJA;1219050014005B
12;19;050;014;006B;SUMATERA UTARA;BATU BARA;AIR PUTIH;SUKARAJA;1219050014006B
12;19;050;014;007B;SUMATERA UTARA;BATU BARA;AIR PUTIH;SUKARAJA;1219050014007B
12;19;050;014;008B;SUMATERA UTARA;BATU BARA;AIR PUTIH;SUKARAJA;1219050014008B
12;19;050;015;001B;SUMATERA UTARA;BATU BARA;AIR PUTIH;PEMATANG PANJANG;1219050015001B
12;19;050;015;002B;SUMATERA UTARA;BATU BARA;AIR PUTIH;PEMATANG PANJANG;1219050015002B
12;19;050;015;003B;SUMATERA UTARA;BATU BARA;AIR PUTIH;PEMATANG PANJANG;1219050015003B
12;19;050;015;004B;SUMATERA UTARA;BATU BARA;AIR PUTIH;PEMATANG PANJANG;1219050015004B
12;19;050;015;005B;SUMATERA UTARA;BATU BARA;AIR PUTIH;PEMATANG PANJANG;1219050015005B
12;19;050;015;006B;SUMATERA UTARA;BATU BARA;AIR PUTIH;PEMATANG PANJANG;1219050015006B
12;19;050;015;007B;SUMATERA UTARA;BATU BARA;AIR PUTIH;PEMATANG PANJANG;1219050015007B
12;19;050;015;008B;SUMATERA UTARA;BATU BARA;AIR PUTIH;PEMATANG PANJANG;1219050015008B
12;19;050;015;009B;SUMATERA UTARA;BATU BARA;AIR PUTIH;PEMATANG PANJANG;1219050015009B
12;19;050;015;010B;SUMATERA UTARA;BATU BARA;AIR PUTIH;PEMATANG PANJANG;1219050015010B
12;19;050;015;011P;SUMATERA UTARA;BATU BARA;AIR PUTIH;PEMATANG PANJANG;1219050015011P
12;19;050;015;012P;SUMATERA UTARA;BATU BARA;AIR PUTIH;PEMATANG PANJANG;1219050015012P
12;19;050;015;013P;SUMATERA UTARA;BATU BARA;AIR PUTIH;PEMATANG PANJANG;1219050015013P
12;19;050;016;001B;SUMATERA UTARA;BATU BARA;AIR PUTIH;ARAS;1219050016001B
12;19;050;016;002B;SUMATERA UTARA;BATU BARA;AIR PUTIH;ARAS;1219050016002B
12;19;050;016;003B;SUMATERA UTARA;BATU BARA;AIR PUTIH;ARAS;1219050016003B
12;19;050;016;004B;SUMATERA UTARA;BATU BARA;AIR PUTIH;ARAS;1219050016004B
12;19;050;016;005B;SUMATERA UTARA;BATU BARA;AIR PUTIH;ARAS;1219050016005B
12;19;050;016;006B;SUMATERA UTARA;BATU BARA;AIR PUTIH;ARAS;1219050016006B
12;19;050;016;007B;SUMATERA UTARA;BATU BARA;AIR PUTIH;ARAS;1219050016007B
12;19;050;016;008B;SUMATERA UTARA;BATU BARA;AIR PUTIH;ARAS;1219050016008B
12;19;050;016;009B;SUMATERA UTARA;BATU BARA;AIR PUTIH;ARAS;1219050016009B
12;19;050;016;010B;SUMATERA UTARA;BATU BARA;AIR PUTIH;ARAS;1219050016010B
12;19;050;016;011P;SUMATERA UTARA;BATU BARA;AIR PUTIH;ARAS;1219050016011P
12;19;050;016;012P;SUMATERA UTARA;BATU BARA;AIR PUTIH;ARAS;1219050016012P
12;19;050;017;001B;SUMATERA UTARA;BATU BARA;AIR PUTIH;LIMAU SUNDAI;1219050017001B
12;19;050;017;002B;SUMATERA UTARA;BATU BARA;AIR PUTIH;LIMAU SUNDAI;1219050017002B
12;19;050;017;003B;SUMATERA UTARA;BATU BARA;AIR PUTIH;LIMAU SUNDAI;1219050017003B
12;19;050;017;004B;SUMATERA UTARA;BATU BARA;AIR PUTIH;LIMAU SUNDAI;1219050017004B
12;19;050;017;005P;SUMATERA UTARA;BATU BARA;AIR PUTIH;LIMAU SUNDAI;1219050017005P
12;19;050;017;006B;SUMATERA UTARA;BATU BARA;AIR PUTIH;LIMAU SUNDAI;1219050017006B
12;19;050;021;001B;SUMATERA UTARA;BATU BARA;AIR PUTIH;TANJUNG HARAPAN;1219050021001B
12;19;050;021;002B;SUMATERA UTARA;BATU BARA;AIR PUTIH;TANJUNG HARAPAN;1219050021002B
12;19;050;021;003B;SUMATERA UTARA;BATU BARA;AIR PUTIH;TANJUNG HARAPAN;1219050021003B
12;19;050;021;004B;SUMATERA UTARA;BATU BARA;AIR PUTIH;TANJUNG HARAPAN;1219050021004B
12;19;050;021;005B;SUMATERA UTARA;BATU BARA;AIR PUTIH;TANJUNG HARAPAN;1219050021005B
12;19;050;021;006B;SUMATERA UTARA;BATU BARA;AIR PUTIH;TANJUNG HARAPAN;1219050021006B
12;19;050;022;001B;SUMATERA UTARA;BATU BARA;AIR PUTIH;TANJUNG KUBAH;1219050022001B
12;19;050;022;002B;SUMATERA UTARA;BATU BARA;AIR PUTIH;TANJUNG KUBAH;1219050022002B
12;19;050;022;003B;SUMATERA UTARA;BATU BARA;AIR PUTIH;TANJUNG KUBAH;1219050022003B
12;19;050;022;004B;SUMATERA UTARA;BATU BARA;AIR PUTIH;TANJUNG KUBAH;1219050022004B
12;19;050;022;005B;SUMATERA UTARA;BATU BARA;AIR PUTIH;TANJUNG KUBAH;1219050022005B
12;19;050;022;006B;SUMATERA UTARA;BATU BARA;AIR PUTIH;TANJUNG KUBAH;1219050022006B
12;19;050;022;007B;SUMATERA UTARA;BATU BARA;AIR PUTIH;TANJUNG KUBAH;1219050022007B
12;19;050;022;011B;SUMATERA UTARA;BATU BARA;AIR PUTIH;TANJUNG KUBAH;1219050022011B
12;19;050;023;001B;SUMATERA UTARA;BATU BARA;AIR PUTIH;SUKA RAMAI;1219050023001B
12;19;050;023;002B;SUMATERA UTARA;BATU BARA;AIR PUTIH;SUKA RAMAI;1219050023002B
12;19;050;023;003B;SUMATERA UTARA;BATU BARA;AIR PUTIH;SUKA RAMAI;1219050023003B
12;19;050;023;004B;SUMATERA UTARA;BATU BARA;AIR PUTIH;SUKA RAMAI;1219050023004B
12;19;050;023;005B;SUMATERA UTARA;BATU BARA;AIR PUTIH;SUKA RAMAI;1219050023005B
12;19;050;024;003B;SUMATERA UTARA;BATU BARA;AIR PUTIH;TITI PAYUNG;1219050024003B
12;19;050;024;004B;SUMATERA UTARA;BATU BARA;AIR PUTIH;TITI PAYUNG;1219050024004B
12;19;050;024;005B;SUMATERA UTARA;BATU BARA;AIR PUTIH;TITI PAYUNG;1219050024005B
12;19;050;024;006B;SUMATERA UTARA;BATU BARA;AIR PUTIH;TITI PAYUNG;1219050024006B
12;19;050;024;007B;SUMATERA UTARA;BATU BARA;AIR PUTIH;TITI PAYUNG;1219050024007B
12;19;050;024;008B;SUMATERA UTARA;BATU BARA;AIR PUTIH;TITI PAYUNG;1219050024008B
12;19;050;024;009B;SUMATERA UTARA;BATU BARA;AIR PUTIH;TITI PAYUNG;1219050024009B
12;19;050;024;010B;SUMATERA UTARA;BATU BARA;AIR PUTIH;TITI PAYUNG;1219050024010B
12;19;050;025;001B;SUMATERA UTARA;BATU BARA;AIR PUTIH;PERKOTAAN;1219050025001B
12;19;050;025;002B;SUMATERA UTARA;BATU BARA;AIR PUTIH;PERKOTAAN;1219050025002B
12;19;050;025;003B;SUMATERA UTARA;BATU BARA;AIR PUTIH;PERKOTAAN;1219050025003B
12;19;050;025;004B;SUMATERA UTARA;BATU BARA;AIR PUTIH;PERKOTAAN;1219050025004B
12;19;050;026;011B;SUMATERA UTARA;BATU BARA;AIR PUTIH;INDRASAKTI;1219050026011B
12;19;050;026;012B;SUMATERA UTARA;BATU BARA;AIR PUTIH;INDRASAKTI;1219050026012B
12;19;050;026;013B;SUMATERA UTARA;BATU BARA;AIR PUTIH;INDRASAKTI;1219050026013B
12;19;050;026;014B;SUMATERA UTARA;BATU BARA;AIR PUTIH;INDRASAKTI;1219050026014B
12;19;050;027;007P;SUMATERA UTARA;BATU BARA;AIR PUTIH;TANAH RENDAH;1219050027007P
12;19;050;027;008B;SUMATERA UTARA;BATU BARA;AIR PUTIH;TANAH RENDAH;1219050027008B
12;19;050;027;012B;SUMATERA UTARA;BATU BARA;AIR PUTIH;TANAH RENDAH;1219050027012B
12;19;050;027;014B;SUMATERA UTARA;BATU BARA;AIR PUTIH;TANAH RENDAH;1219050027014B
12;19;050;027;015B;SUMATERA UTARA;BATU BARA;AIR PUTIH;TANAH RENDAH;1219050027015B
12;19;050;028;011B;SUMATERA UTARA;BATU BARA;AIR PUTIH;KAMPUNG KELAPA;1219050028011B
12;19;050;028;012B;SUMATERA UTARA;BATU BARA;AIR PUTIH;KAMPUNG KELAPA;1219050028012B
12;19;050;028;013B;SUMATERA UTARA;BATU BARA;AIR PUTIH;KAMPUNG KELAPA;1219050028013B
12;19;050;029;007B;SUMATERA UTARA;BATU BARA;AIR PUTIH;TANJUNG MULIA;1219050029007B
12;19;050;029;008B;SUMATERA UTARA;BATU BARA;AIR PUTIH;TANJUNG MULIA;1219050029008B
12;19;050;029;009B;SUMATERA UTARA;BATU BARA;AIR PUTIH;TANJUNG MULIA;1219050029009B
12;19;050;029;010B;SUMATERA UTARA;BATU BARA;AIR PUTIH;TANJUNG MULIA;1219050029010B
12;19;050;029;011B;SUMATERA UTARA;BATU BARA;AIR PUTIH;TANJUNG MULIA;1219050029011B
12;19;060;007;001B;SUMATERA UTARA;BATU BARA;SEI SUKA;SEI SUKA/DERAS;1219060007001B
12;19;060;007;002P;SUMATERA UTARA;BATU BARA;SEI SUKA;SEI SUKA/DERAS;1219060007002P
12;19;060;007;009B;SUMATERA UTARA;BATU BARA;SEI SUKA;SEI SUKA/DERAS;1219060007009B
12;19;060;007;010B;SUMATERA UTARA;BATU BARA;SEI SUKA;SEI SUKA/DERAS;1219060007010B
12;19;060;007;011B;SUMATERA UTARA;BATU BARA;SEI SUKA;SEI SUKA/DERAS;1219060007011B
12;19;060;007;012B;SUMATERA UTARA;BATU BARA;SEI SUKA;SEI SUKA/DERAS;1219060007012B
12;19;060;007;013B;SUMATERA UTARA;BATU BARA;SEI SUKA;SEI SUKA/DERAS;1219060007013B
12;19;060;007;014B;SUMATERA UTARA;BATU BARA;SEI SUKA;SEI SUKA/DERAS;1219060007014B
12;19;060;007;015B;SUMATERA UTARA;BATU BARA;SEI SUKA;SEI SUKA/DERAS;1219060007015B
12;19;060;007;016B;SUMATERA UTARA;BATU BARA;SEI SUKA;SEI SUKA/DERAS;1219060007016B
12;19;060;007;017B;SUMATERA UTARA;BATU BARA;SEI SUKA;SEI SUKA/DERAS;1219060007017B
12;19;060;008;001B;SUMATERA UTARA;BATU BARA;SEI SUKA;PERKEBUNAN SIPARE-PARE;1219060008001B
12;19;060;008;002B;SUMATERA UTARA;BATU BARA;SEI SUKA;PERKEBUNAN SIPARE-PARE;1219060008002B
12;19;060;008;003B;SUMATERA UTARA;BATU BARA;SEI SUKA;PERKEBUNAN SIPARE-PARE;1219060008003B
12;19;060;008;004B;SUMATERA UTARA;BATU BARA;SEI SUKA;PERKEBUNAN SIPARE-PARE;1219060008004B
12;19;060;008;005B;SUMATERA UTARA;BATU BARA;SEI SUKA;PERKEBUNAN SIPARE-PARE;1219060008005B
12;19;060;008;006B;SUMATERA UTARA;BATU BARA;SEI SUKA;PERKEBUNAN SIPARE-PARE;1219060008006B
12;19;060;008;007P;SUMATERA UTARA;BATU BARA;SEI SUKA;PERKEBUNAN SIPARE-PARE;1219060008007P
12;19;060;008;008B;SUMATERA UTARA;BATU BARA;SEI SUKA;PERKEBUNAN SIPARE-PARE;1219060008008B
12;19;060;008;009P;SUMATERA UTARA;BATU BARA;SEI SUKA;PERKEBUNAN SIPARE-PARE;1219060008009P
12;19;060;008;010B;SUMATERA UTARA;BATU BARA;SEI SUKA;PERKEBUNAN SIPARE-PARE;1219060008010B
12;19;060;008;011B;SUMATERA UTARA;BATU BARA;SEI SUKA;PERKEBUNAN SIPARE-PARE;1219060008011B
12;19;060;008;012B;SUMATERA UTARA;BATU BARA;SEI SUKA;PERKEBUNAN SIPARE-PARE;1219060008012B
12;19;060;008;013B;SUMATERA UTARA;BATU BARA;SEI SUKA;PERKEBUNAN SIPARE-PARE;1219060008013B
12;19;060;008;014B;SUMATERA UTARA;BATU BARA;SEI SUKA;PERKEBUNAN SIPARE-PARE;1219060008014B
12;19;060;008;015B;SUMATERA UTARA;BATU BARA;SEI SUKA;PERKEBUNAN SIPARE-PARE;1219060008015B
12;19;060;008;016B;SUMATERA UTARA;BATU BARA;SEI SUKA;PERKEBUNAN SIPARE-PARE;1219060008016B
12;19;060;008;017B;SUMATERA UTARA;BATU BARA;SEI SUKA;PERKEBUNAN SIPARE-PARE;1219060008017B
12;19;060;008;018B;SUMATERA UTARA;BATU BARA;SEI SUKA;PERKEBUNAN SIPARE-PARE;1219060008018B
12;19;060;008;019B;SUMATERA UTARA;BATU BARA;SEI SUKA;PERKEBUNAN SIPARE-PARE;1219060008019B
12;19;060;008;020B;SUMATERA UTARA;BATU BARA;SEI SUKA;PERKEBUNAN SIPARE-PARE;1219060008020B
12;19;060;009;007B;SUMATERA UTARA;BATU BARA;SEI SUKA;SIMODONG;1219060009007B
12;19;060;009;008B;SUMATERA UTARA;BATU BARA;SEI SUKA;SIMODONG;1219060009008B
12;19;060;009;009B;SUMATERA UTARA;BATU BARA;SEI SUKA;SIMODONG;1219060009009B
12;19;060;009;010B;SUMATERA UTARA;BATU BARA;SEI SUKA;SIMODONG;1219060009010B
12;19;060;009;011B;SUMATERA UTARA;BATU BARA;SEI SUKA;SIMODONG;1219060009011B
12;19;060;009;012B;SUMATERA UTARA;BATU BARA;SEI SUKA;SIMODONG;1219060009012B
12;19;060;010;001P;SUMATERA UTARA;BATU BARA;SEI SUKA;PEMATANG JERING;1219060010001P
12;19;060;010;002B;SUMATERA UTARA;BATU BARA;SEI SUKA;PEMATANG JERING;1219060010002B
12;19;060;010;003B;SUMATERA UTARA;BATU BARA;SEI SUKA;PEMATANG JERING;1219060010003B
12;19;060;010;004B;SUMATERA UTARA;BATU BARA;SEI SUKA;PEMATANG JERING;1219060010004B
12;19;060;010;005B;SUMATERA UTARA;BATU BARA;SEI SUKA;PEMATANG JERING;1219060010005B
12;19;060;010;006B;SUMATERA UTARA;BATU BARA;SEI SUKA;PEMATANG JERING;1219060010006B
12;19;060;010;007B;SUMATERA UTARA;BATU BARA;SEI SUKA;PEMATANG JERING;1219060010007B
12;19;060;010;008B;SUMATERA UTARA;BATU BARA;SEI SUKA;PEMATANG JERING;1219060010008B
12;19;060;010;009B;SUMATERA UTARA;BATU BARA;SEI SUKA;PEMATANG JERING;1219060010009B
12;19;060;010;010B;SUMATERA UTARA;BATU BARA;SEI SUKA;PEMATANG JERING;1219060010010B
12;19;060;010;011P;SUMATERA UTARA;BATU BARA;SEI SUKA;PEMATANG JERING;1219060010011P
12;19;060;011;001B;SUMATERA UTARA;BATU BARA;SEI SUKA;PEMATANG KUING;1219060011001B
12;19;060;011;002B;SUMATERA UTARA;BATU BARA;SEI SUKA;PEMATANG KUING;1219060011002B
12;19;060;011;003B;SUMATERA UTARA;BATU BARA;SEI SUKA;PEMATANG KUING;1219060011003B
12;19;060;011;004B;SUMATERA UTARA;BATU BARA;SEI SUKA;PEMATANG KUING;1219060011004B
12;19;060;011;005B;SUMATERA UTARA;BATU BARA;SEI SUKA;PEMATANG KUING;1219060011005B
12;19;060;011;006B;SUMATERA UTARA;BATU BARA;SEI SUKA;PEMATANG KUING;1219060011006B
12;19;060;011;007B;SUMATERA UTARA;BATU BARA;SEI SUKA;PEMATANG KUING;1219060011007B
12;19;060;011;008B;SUMATERA UTARA;BATU BARA;SEI SUKA;PEMATANG KUING;1219060011008B
12;19;060;012;001B;SUMATERA UTARA;BATU BARA;SEI SUKA;KWALA TANJUNG;1219060012001B
12;19;060;012;002B;SUMATERA UTARA;BATU BARA;SEI SUKA;KWALA TANJUNG;1219060012002B
12;19;060;012;003B;SUMATERA UTARA;BATU BARA;SEI SUKA;KWALA TANJUNG;1219060012003B
12;19;060;012;004B;SUMATERA UTARA;BATU BARA;SEI SUKA;KWALA TANJUNG;1219060012004B
12;19;060;012;005B;SUMATERA UTARA;BATU BARA;SEI SUKA;KWALA TANJUNG;1219060012005B
12;19;060;012;006B;SUMATERA UTARA;BATU BARA;SEI SUKA;KWALA TANJUNG;1219060012006B
12;19;060;012;007B;SUMATERA UTARA;BATU BARA;SEI SUKA;KWALA TANJUNG;1219060012007B
12;19;060;012;008B;SUMATERA UTARA;BATU BARA;SEI SUKA;KWALA TANJUNG;1219060012008B
12;19;060;012;009B;SUMATERA UTARA;BATU BARA;SEI SUKA;KWALA TANJUNG;1219060012009B
12;19;060;012;010B;SUMATERA UTARA;BATU BARA;SEI SUKA;KWALA TANJUNG;1219060012010B
12;19;060;012;011B;SUMATERA UTARA;BATU BARA;SEI SUKA;KWALA TANJUNG;1219060012011B
12;19;060;012;012B;SUMATERA UTARA;BATU BARA;SEI SUKA;KWALA TANJUNG;1219060012012B
12;19;060;012;013B;SUMATERA UTARA;BATU BARA;SEI SUKA;KWALA TANJUNG;1219060012013B
12;19;060;012;014B;SUMATERA UTARA;BATU BARA;SEI SUKA;KWALA TANJUNG;1219060012014B
12;19;060;012;015B;SUMATERA UTARA;BATU BARA;SEI SUKA;KWALA TANJUNG;1219060012015B
12;19;060;013;001B;SUMATERA UTARA;BATU BARA;SEI SUKA;KWALA INDAH;1219060013001B
12;19;060;013;002B;SUMATERA UTARA;BATU BARA;SEI SUKA;KWALA INDAH;1219060013002B
12;19;060;013;003B;SUMATERA UTARA;BATU BARA;SEI SUKA;KWALA INDAH;1219060013003B
12;19;060;013;004P;SUMATERA UTARA;BATU BARA;SEI SUKA;KWALA INDAH;1219060013004P
12;19;060;013;005B;SUMATERA UTARA;BATU BARA;SEI SUKA;KWALA INDAH;1219060013005B
12;19;060;013;006B;SUMATERA UTARA;BATU BARA;SEI SUKA;KWALA INDAH;1219060013006B
12;19;060;013;007B;SUMATERA UTARA;BATU BARA;SEI SUKA;KWALA INDAH;1219060013007B
12;19;060;013;008B;SUMATERA UTARA;BATU BARA;SEI SUKA;KWALA INDAH;1219060013008B
12;19;060;013;009B;SUMATERA UTARA;BATU BARA;SEI SUKA;KWALA INDAH;1219060013009B
12;19;060;013;010B;SUMATERA UTARA;BATU BARA;SEI SUKA;KWALA INDAH;1219060013010B
12;19;060;018;004B;SUMATERA UTARA;BATU BARA;SEI SUKA;TANJUNG GADING;1219060018004B
12;19;060;018;005B;SUMATERA UTARA;BATU BARA;SEI SUKA;TANJUNG GADING;1219060018005B
12;19;060;018;006B;SUMATERA UTARA;BATU BARA;SEI SUKA;TANJUNG GADING;1219060018006B
12;19;060;018;007B;SUMATERA UTARA;BATU BARA;SEI SUKA;TANJUNG GADING;1219060018007B
12;19;060;019;002B;SUMATERA UTARA;BATU BARA;SEI SUKA;SIMPANG KOPI;1219060019002B
12;19;060;019;003B;SUMATERA UTARA;BATU BARA;SEI SUKA;SIMPANG KOPI;1219060019003B
12;19;060;019;008B;SUMATERA UTARA;BATU BARA;SEI SUKA;SIMPANG KOPI;1219060019008B
12;19;060;019;009B;SUMATERA UTARA;BATU BARA;SEI SUKA;SIMPANG KOPI;1219060019009B
12;19;060;020;001B;SUMATERA UTARA;BATU BARA;SEI SUKA;BROHOL;1219060020001B
12;19;060;020;002B;SUMATERA UTARA;BATU BARA;SEI SUKA;BROHOL;1219060020002B
12;19;060;020;003B;SUMATERA UTARA;BATU BARA;SEI SUKA;BROHOL;1219060020003B
12;19;060;020;004B;SUMATERA UTARA;BATU BARA;SEI SUKA;BROHOL;1219060020004B
12;19;060;020;005B;SUMATERA UTARA;BATU BARA;SEI SUKA;BROHOL;1219060020005B
12;19;060;020;006B;SUMATERA UTARA;BATU BARA;SEI SUKA;BROHOL;1219060020006B
12;19;061;001;001B;SUMATERA UTARA;BATU BARA;LAUT TADOR;TANJUNG PRAPAT;1219061001001B
12;19;061;001;002B;SUMATERA UTARA;BATU BARA;LAUT TADOR;TANJUNG PRAPAT;1219061001002B
12;19;061;001;003B;SUMATERA UTARA;BATU BARA;LAUT TADOR;TANJUNG PRAPAT;1219061001003B
12;19;061;001;004B;SUMATERA UTARA;BATU BARA;LAUT TADOR;TANJUNG PRAPAT;1219061001004B
12;19;061;002;001B;SUMATERA UTARA;BATU BARA;LAUT TADOR;LAUT TADOR;1219061002001B
12;19;061;002;002B;SUMATERA UTARA;BATU BARA;LAUT TADOR;LAUT TADOR;1219061002002B
12;19;061;002;003B;SUMATERA UTARA;BATU BARA;LAUT TADOR;LAUT TADOR;1219061002003B
12;19;061;002;004P;SUMATERA UTARA;BATU BARA;LAUT TADOR;LAUT TADOR;1219061002004P
12;19;061;002;005B;SUMATERA UTARA;BATU BARA;LAUT TADOR;LAUT TADOR;1219061002005B
12;19;061;002;006B;SUMATERA UTARA;BATU BARA;LAUT TADOR;LAUT TADOR;1219061002006B
12;19;061;002;007B;SUMATERA UTARA;BATU BARA;LAUT TADOR;LAUT TADOR;1219061002007B
12;19;061;002;008B;SUMATERA UTARA;BATU BARA;LAUT TADOR;LAUT TADOR;1219061002008B
12;19;061;002;009B;SUMATERA UTARA;BATU BARA;LAUT TADOR;LAUT TADOR;1219061002009B
12;19;061;002;010B;SUMATERA UTARA;BATU BARA;LAUT TADOR;LAUT TADOR;1219061002010B
12;19;061;002;011B;SUMATERA UTARA;BATU BARA;LAUT TADOR;LAUT TADOR;1219061002011B
12;19;061;002;012B;SUMATERA UTARA;BATU BARA;LAUT TADOR;LAUT TADOR;1219061002012B
12;19;061;002;013B;SUMATERA UTARA;BATU BARA;LAUT TADOR;LAUT TADOR;1219061002013B
12;19;061;002;014B;SUMATERA UTARA;BATU BARA;LAUT TADOR;LAUT TADOR;1219061002014B
12;19;061;003;001P;SUMATERA UTARA;BATU BARA;LAUT TADOR;PERKEBUNAN TANJUNG KASAU;1219061003001P
12;19;061;003;002B;SUMATERA UTARA;BATU BARA;LAUT TADOR;PERKEBUNAN TANJUNG KASAU;1219061003002B
12;19;061;003;003P;SUMATERA UTARA;BATU BARA;LAUT TADOR;PERKEBUNAN TANJUNG KASAU;1219061003003P
12;19;061;003;004P;SUMATERA UTARA;BATU BARA;LAUT TADOR;PERKEBUNAN TANJUNG KASAU;1219061003004P
12;19;061;003;005B;SUMATERA UTARA;BATU BARA;LAUT TADOR;PERKEBUNAN TANJUNG KASAU;1219061003005B
12;19;061;003;006B;SUMATERA UTARA;BATU BARA;LAUT TADOR;PERKEBUNAN TANJUNG KASAU;1219061003006B
12;19;061;003;007B;SUMATERA UTARA;BATU BARA;LAUT TADOR;PERKEBUNAN TANJUNG KASAU;1219061003007B
12;19;061;003;011P;SUMATERA UTARA;BATU BARA;LAUT TADOR;PERKEBUNAN TANJUNG KASAU;1219061003011P
12;19;061;003;013B;SUMATERA UTARA;BATU BARA;LAUT TADOR;PERKEBUNAN TANJUNG KASAU;1219061003013B
12;19;061;003;014B;SUMATERA UTARA;BATU BARA;LAUT TADOR;PERKEBUNAN TANJUNG KASAU;1219061003014B
12;19;061;003;015B;SUMATERA UTARA;BATU BARA;LAUT TADOR;PERKEBUNAN TANJUNG KASAU;1219061003015B
12;19;061;004;001B;SUMATERA UTARA;BATU BARA;LAUT TADOR;TANJUNG KASAU;1219061004001B
12;19;061;004;002B;SUMATERA UTARA;BATU BARA;LAUT TADOR;TANJUNG KASAU;1219061004002B
12;19;061;005;001B;SUMATERA UTARA;BATU BARA;LAUT TADOR;TANJUNG SERI;1219061005001B
12;19;061;005;002B;SUMATERA UTARA;BATU BARA;LAUT TADOR;TANJUNG SERI;1219061005002B
12;19;061;005;003B;SUMATERA UTARA;BATU BARA;LAUT TADOR;TANJUNG SERI;1219061005003B
12;19;061;005;004B;SUMATERA UTARA;BATU BARA;LAUT TADOR;TANJUNG SERI;1219061005004B
12;19;061;005;005B;SUMATERA UTARA;BATU BARA;LAUT TADOR;TANJUNG SERI;1219061005005B
12;19;061;005;006B;SUMATERA UTARA;BATU BARA;LAUT TADOR;TANJUNG SERI;1219061005006B
12;19;061;005;007B;SUMATERA UTARA;BATU BARA;LAUT TADOR;TANJUNG SERI;1219061005007B
12;19;061;005;008P;SUMATERA UTARA;BATU BARA;LAUT TADOR;TANJUNG SERI;1219061005008P
12;19;061;005;009B;SUMATERA UTARA;BATU BARA;LAUT TADOR;TANJUNG SERI;1219061005009B
12;19;061;005;011P;SUMATERA UTARA;BATU BARA;LAUT TADOR;TANJUNG SERI;1219061005011P
12;19;061;005;012B;SUMATERA UTARA;BATU BARA;LAUT TADOR;TANJUNG SERI;1219061005012B
12;19;061;005;013B;SUMATERA UTARA;BATU BARA;LAUT TADOR;TANJUNG SERI;1219061005013B
12;19;061;006;001B;SUMATERA UTARA;BATU BARA;LAUT TADOR;SEI SIMUJUR;1219061006001B
12;19;061;006;002B;SUMATERA UTARA;BATU BARA;LAUT TADOR;SEI SIMUJUR;1219061006002B
12;19;061;006;006B;SUMATERA UTARA;BATU BARA;LAUT TADOR;SEI SIMUJUR;1219061006006B
12;19;061;006;007B;SUMATERA UTARA;BATU BARA;LAUT TADOR;SEI SIMUJUR;1219061006007B
12;19;061;006;008B;SUMATERA UTARA;BATU BARA;LAUT TADOR;SEI SIMUJUR;1219061006008B
12;19;061;006;009B;SUMATERA UTARA;BATU BARA;LAUT TADOR;SEI SIMUJUR;1219061006009B
12;19;061;006;010B;SUMATERA UTARA;BATU BARA;LAUT TADOR;SEI SIMUJUR;1219061006010B
12;19;061;007;015B;SUMATERA UTARA;BATU BARA;LAUT TADOR;PELANGGIRAN LAUT TADOR;1219061007015B
12;19;061;007;016B;SUMATERA UTARA;BATU BARA;LAUT TADOR;PELANGGIRAN LAUT TADOR;1219061007016B
12;19;061;007;017B;SUMATERA UTARA;BATU BARA;LAUT TADOR;PELANGGIRAN LAUT TADOR;1219061007017B
12;19;061;007;018B;SUMATERA UTARA;BATU BARA;LAUT TADOR;PELANGGIRAN LAUT TADOR;1219061007018B
12;19;061;007;019B;SUMATERA UTARA;BATU BARA;LAUT TADOR;PELANGGIRAN LAUT TADOR;1219061007019B
12;19;061;007;020B;SUMATERA UTARA;BATU BARA;LAUT TADOR;PELANGGIRAN LAUT TADOR;1219061007020B
12;19;061;008;008K;SUMATERA UTARA;BATU BARA;LAUT TADOR;DWI SRI;1219061008008K
12;19;061;008;009B;SUMATERA UTARA;BATU BARA;LAUT TADOR;DWI SRI;1219061008009B
12;19;061;008;010B;SUMATERA UTARA;BATU BARA;LAUT TADOR;DWI SRI;1219061008010B
12;19;061;008;011B;SUMATERA UTARA;BATU BARA;LAUT TADOR;DWI SRI;1219061008011B
12;19;061;008;012B;SUMATERA UTARA;BATU BARA;LAUT TADOR;DWI SRI;1219061008012B
12;19;061;009;008B;SUMATERA UTARA;BATU BARA;LAUT TADOR;MEKAR SARI;1219061009008B
12;19;061;009;009B;SUMATERA UTARA;BATU BARA;LAUT TADOR;MEKAR SARI;1219061009009B
12;19;061;009;010B;SUMATERA UTARA;BATU BARA;LAUT TADOR;MEKAR SARI;1219061009010B
12;19;061;009;011B;SUMATERA UTARA;BATU BARA;LAUT TADOR;MEKAR SARI;1219061009011B
12;19;061;010;002B;SUMATERA UTARA;BATU BARA;LAUT TADOR;KANDANGAN;1219061010002B
12;19;061;010;003B;SUMATERA UTARA;BATU BARA;LAUT TADOR;KANDANGAN;1219061010003B
12;19;061;010;004B;SUMATERA UTARA;BATU BARA;LAUT TADOR;KANDANGAN;1219061010004B
12;19;061;010;005B;SUMATERA UTARA;BATU BARA;LAUT TADOR;KANDANGAN;1219061010005B
12;19;061;010;006B;SUMATERA UTARA;BATU BARA;LAUT TADOR;KANDANGAN;1219061010006B
12;19;061;010;007B;SUMATERA UTARA;BATU BARA;LAUT TADOR;KANDANGAN;1219061010007B
12;19;061;010;010P;SUMATERA UTARA;BATU BARA;LAUT TADOR;KANDANGAN;1219061010010P
12;19;070;001;001B;SUMATERA UTARA;BATU BARA;MEDANG DERAS;SIDO MULYO;1219070001001B
12;19;070;001;002B;SUMATERA UTARA;BATU BARA;MEDANG DERAS;SIDO MULYO;1219070001002B
12;19;070;001;003B;SUMATERA UTARA;BATU BARA;MEDANG DERAS;SIDO MULYO;1219070001003B
12;19;070;001;004B;SUMATERA UTARA;BATU BARA;MEDANG DERAS;SIDO MULYO;1219070001004B
12;19;070;001;005B;SUMATERA UTARA;BATU BARA;MEDANG DERAS;SIDO MULYO;1219070001005B
12;19;070;001;006B;SUMATERA UTARA;BATU BARA;MEDANG DERAS;SIDO MULYO;1219070001006B
12;19;070;002;001B;SUMATERA UTARA;BATU BARA;MEDANG DERAS;AEK NAULI;1219070002001B
12;19;070;002;002B;SUMATERA UTARA;BATU BARA;MEDANG DERAS;AEK NAULI;1219070002002B
12;19;070;002;003B;SUMATERA UTARA;BATU BARA;MEDANG DERAS;AEK NAULI;1219070002003B
12;19;070;003;001B;SUMATERA UTARA;BATU BARA;MEDANG DERAS;SEI BUAH KERAS;1219070003001B
12;19;070;003;002B;SUMATERA UTARA;BATU BARA;MEDANG DERAS;SEI BUAH KERAS;1219070003002B
12;19;070;003;003B;SUMATERA UTARA;BATU BARA;MEDANG DERAS;SEI BUAH KERAS;1219070003003B
12;19;070;003;004B;SUMATERA UTARA;BATU BARA;MEDANG DERAS;SEI BUAH KERAS;1219070003004B
12;19;070;003;005B;SUMATERA UTARA;BATU BARA;MEDANG DERAS;SEI BUAH KERAS;1219070003005B
12;19;070;003;006B;SUMATERA UTARA;BATU BARA;MEDANG DERAS;SEI BUAH KERAS;1219070003006B
12;19;070;003;007B;SUMATERA UTARA;BATU BARA;MEDANG DERAS;SEI BUAH KERAS;1219070003007B
12;19;070;004;001B;SUMATERA UTARA;BATU BARA;MEDANG DERAS;SEI RAKYAT;1219070004001B
12;19;070;004;002B;SUMATERA UTARA;BATU BARA;MEDANG DERAS;SEI RAKYAT;1219070004002B
12;19;070;004;003B;SUMATERA UTARA;BATU BARA;MEDANG DERAS;SEI RAKYAT;1219070004003B
12;19;070;005;001B;SUMATERA UTARA;BATU BARA;MEDANG DERAS;TANJUNG SIGONI;1219070005001B
12;19;070;005;002B;SUMATERA UTARA;BATU BARA;MEDANG DERAS;TANJUNG SIGONI;1219070005002B
12;19;070;006;003B;SUMATERA UTARA;BATU BARA;MEDANG DERAS;PEMATANG CENGKRING;1219070006003B
12;19;070;006;004B;SUMATERA UTARA;BATU BARA;MEDANG DERAS;PEMATANG CENGKRING;1219070006004B
12;19;070;006;005B;SUMATERA UTARA;BATU BARA;MEDANG DERAS;PEMATANG CENGKRING;1219070006005B
12;19;070;006;006B;SUMATERA UTARA;BATU BARA;MEDANG DERAS;PEMATANG CENGKRING;1219070006006B
12;19;070;006;007B;SUMATERA UTARA;BATU BARA;MEDANG DERAS;PEMATANG CENGKRING;1219070006007B
12;19;070;006;008B;SUMATERA UTARA;BATU BARA;MEDANG DERAS;PEMATANG CENGKRING;1219070006008B
12;19;070;007;004B;SUMATERA UTARA;BATU BARA;MEDANG DERAS;PAKAM RAYA;1219070007004B
12;19;070;007;005B;SUMATERA UTARA;BATU BARA;MEDANG DERAS;PAKAM RAYA;1219070007005B
12;19;070;007;006B;SUMATERA UTARA;BATU BARA;MEDANG DERAS;PAKAM RAYA;1219070007006B
12;19;070;007;007B;SUMATERA UTARA;BATU BARA;MEDANG DERAS;PAKAM RAYA;1219070007007B
12;19;070;007;008B;SUMATERA UTARA;BATU BARA;MEDANG DERAS;PAKAM RAYA;1219070007008B
12;19;070;007;009B;SUMATERA UTARA;BATU BARA;MEDANG DERAS;PAKAM RAYA;1219070007009B
12;19;070;007;010B;SUMATERA UTARA;BATU BARA;MEDANG DERAS;PAKAM RAYA;1219070007010B
12;19;070;007;011B;SUMATERA UTARA;BATU BARA;MEDANG DERAS;PAKAM RAYA;1219070007011B
12;19;070;008;001B;SUMATERA UTARA;BATU BARA;MEDANG DERAS;PAKAM;1219070008001B
12;19;070;008;002B;SUMATERA UTARA;BATU BARA;MEDANG DERAS;PAKAM;1219070008002B
12;19;070;008;003B;SUMATERA UTARA;BATU BARA;MEDANG DERAS;PAKAM;1219070008003B
12;19;070;008;004B;SUMATERA UTARA;BATU BARA;MEDANG DERAS;PAKAM;1219070008004B
12;19;070;008;005B;SUMATERA UTARA;BATU BARA;MEDANG DERAS;PAKAM;1219070008005B
12;19;070;008;010B;SUMATERA UTARA;BATU BARA;MEDANG DERAS;PAKAM;1219070008010B
12;19;070;009;001B;SUMATERA UTARA;BATU BARA;MEDANG DERAS;LALANG;1219070009001B
12;19;070;009;002B;SUMATERA UTARA;BATU BARA;MEDANG DERAS;LALANG;1219070009002B
12;19;070;009;003B;SUMATERA UTARA;BATU BARA;MEDANG DERAS;LALANG;1219070009003B
12;19;070;009;004B;SUMATERA UTARA;BATU BARA;MEDANG DERAS;LALANG;1219070009004B
12;19;070;009;005B;SUMATERA UTARA;BATU BARA;MEDANG DERAS;LALANG;1219070009005B
12;19;070;009;006B;SUMATERA UTARA;BATU BARA;MEDANG DERAS;LALANG;1219070009006B
12;19;070;009;007B;SUMATERA UTARA;BATU BARA;MEDANG DERAS;LALANG;1219070009007B
12;19;070;009;008B;SUMATERA UTARA;BATU BARA;MEDANG DERAS;LALANG;1219070009008B
12;19;070;009;009B;SUMATERA UTARA;BATU BARA;MEDANG DERAS;LALANG;1219070009009B
12;19;070;009;010B;SUMATERA UTARA;BATU BARA;MEDANG DERAS;LALANG;1219070009010B
12;19;070;009;011B;SUMATERA UTARA;BATU BARA;MEDANG DERAS;LALANG;1219070009011B
12;19;070;009;012B;SUMATERA UTARA;BATU BARA;MEDANG DERAS;LALANG;1219070009012B
12;19;070;009;013B;SUMATERA UTARA;BATU BARA;MEDANG DERAS;LALANG;1219070009013B
12;19;070;009;014B;SUMATERA UTARA;BATU BARA;MEDANG DERAS;LALANG;1219070009014B
12;19;070;009;015B;SUMATERA UTARA;BATU BARA;MEDANG DERAS;LALANG;1219070009015B
12;19;070;010;001B;SUMATERA UTARA;BATU BARA;MEDANG DERAS;MEDANG;1219070010001B
12;19;070;010;002B;SUMATERA UTARA;BATU BARA;MEDANG DERAS;MEDANG;1219070010002B
12;19;070;010;005B;SUMATERA UTARA;BATU BARA;MEDANG DERAS;MEDANG;1219070010005B
12;19;070;010;009B;SUMATERA UTARA;BATU BARA;MEDANG DERAS;MEDANG;1219070010009B
12;19;070;010;010B;SUMATERA UTARA;BATU BARA;MEDANG DERAS;MEDANG;1219070010010B
12;19;070;010;011B;SUMATERA UTARA;BATU BARA;MEDANG DERAS;MEDANG;1219070010011B
12;19;070;010;012B;SUMATERA UTARA;BATU BARA;MEDANG DERAS;MEDANG;1219070010012B
12;19;070;010;013B;SUMATERA UTARA;BATU BARA;MEDANG DERAS;MEDANG;1219070010013B
12;19;070;010;014B;SUMATERA UTARA;BATU BARA;MEDANG DERAS;MEDANG;1219070010014B
12;19;070;010;015B;SUMATERA UTARA;BATU BARA;MEDANG DERAS;MEDANG;1219070010015B
12;19;070;010;016B;SUMATERA UTARA;BATU BARA;MEDANG DERAS;MEDANG;1219070010016B
12;19;070;011;001B;SUMATERA UTARA;BATU BARA;MEDANG DERAS;DURIAN;1219070011001B
12;19;070;011;002B;SUMATERA UTARA;BATU BARA;MEDANG DERAS;DURIAN;1219070011002B
12;19;070;011;003B;SUMATERA UTARA;BATU BARA;MEDANG DERAS;DURIAN;1219070011003B
12;19;070;011;004B;SUMATERA UTARA;BATU BARA;MEDANG DERAS;DURIAN;1219070011004B
12;19;070;011;005B;SUMATERA UTARA;BATU BARA;MEDANG DERAS;DURIAN;1219070011005B
12;19;070;011;006B;SUMATERA UTARA;BATU BARA;MEDANG DERAS;DURIAN;1219070011006B
12;19;070;011;007B;SUMATERA UTARA;BATU BARA;MEDANG DERAS;DURIAN;1219070011007B
12;19;070;012;001B;SUMATERA UTARA;BATU BARA;MEDANG DERAS;NENAS SIAM;1219070012001B
12;19;070;012;002B;SUMATERA UTARA;BATU BARA;MEDANG DERAS;NENAS SIAM;1219070012002B
12;19;070;012;003B;SUMATERA UTARA;BATU BARA;MEDANG DERAS;NENAS SIAM;1219070012003B
12;19;070;012;004B;SUMATERA UTARA;BATU BARA;MEDANG DERAS;NENAS SIAM;1219070012004B
12;19;070;012;005B;SUMATERA UTARA;BATU BARA;MEDANG DERAS;NENAS SIAM;1219070012005B
12;19;070;013;001B;SUMATERA UTARA;BATU BARA;MEDANG DERAS;PANGKALAN DODEK BARU;1219070013001B
12;19;070;013;002B;SUMATERA UTARA;BATU BARA;MEDANG DERAS;PANGKALAN DODEK BARU;1219070013002B
12;19;070;013;003B;SUMATERA UTARA;BATU BARA;MEDANG DERAS;PANGKALAN DODEK BARU;1219070013003B
12;19;070;013;004B;SUMATERA UTARA;BATU BARA;MEDANG DERAS;PANGKALAN DODEK BARU;1219070013004B
12;19;070;013;005B;SUMATERA UTARA;BATU BARA;MEDANG DERAS;PANGKALAN DODEK BARU;1219070013005B
12;19;070;013;006B;SUMATERA UTARA;BATU BARA;MEDANG DERAS;PANGKALAN DODEK BARU;1219070013006B
12;19;070;014;001B;SUMATERA UTARA;BATU BARA;MEDANG DERAS;PANGKALAN DODEK;1219070014001B
12;19;070;014;002B;SUMATERA UTARA;BATU BARA;MEDANG DERAS;PANGKALAN DODEK;1219070014002B
12;19;070;014;003B;SUMATERA UTARA;BATU BARA;MEDANG DERAS;PANGKALAN DODEK;1219070014003B
12;19;070;014;004B;SUMATERA UTARA;BATU BARA;MEDANG DERAS;PANGKALAN DODEK;1219070014004B
12;19;070;014;005B;SUMATERA UTARA;BATU BARA;MEDANG DERAS;PANGKALAN DODEK;1219070014005B
12;19;070;014;006B;SUMATERA UTARA;BATU BARA;MEDANG DERAS;PANGKALAN DODEK;1219070014006B
12;19;070;014;007B;SUMATERA UTARA;BATU BARA;MEDANG DERAS;PANGKALAN DODEK;1219070014007B
12;19;070;014;008B;SUMATERA UTARA;BATU BARA;MEDANG DERAS;PANGKALAN DODEK;1219070014008B
12;19;070;014;009B;SUMATERA UTARA;BATU BARA;MEDANG DERAS;PANGKALAN DODEK;1219070014009B
12;19;070;014;010P;SUMATERA UTARA;BATU BARA;MEDANG DERAS;PANGKALAN DODEK;1219070014010P
12;19;070;015;004B;SUMATERA UTARA;BATU BARA;MEDANG DERAS;SEI RAJA;1219070015004B
12;19;070;015;005B;SUMATERA UTARA;BATU BARA;MEDANG DERAS;SEI RAJA;1219070015005B
12;19;070;016;001B;SUMATERA UTARA;BATU BARA;MEDANG DERAS;CENGKERING PEKAN;1219070016001B
12;19;070;016;002B;SUMATERA UTARA;BATU BARA;MEDANG DERAS;CENGKERING PEKAN;1219070016002B
12;19;070;017;001B;SUMATERA UTARA;BATU BARA;MEDANG DERAS;PAKAM RAYA SELATAN;1219070017001B
12;19;070;017;002B;SUMATERA UTARA;BATU BARA;MEDANG DERAS;PAKAM RAYA SELATAN;1219070017002B
12;19;070;017;003B;SUMATERA UTARA;BATU BARA;MEDANG DERAS;PAKAM RAYA SELATAN;1219070017003B
12;19;070;017;004B;SUMATERA UTARA;BATU BARA;MEDANG DERAS;PAKAM RAYA SELATAN;1219070017004B
12;19;070;018;006B;SUMATERA UTARA;BATU BARA;MEDANG DERAS;MANDARSAH;1219070018006B
12;19;070;018;007B;SUMATERA UTARA;BATU BARA;MEDANG DERAS;MANDARSAH;1219070018007B
12;19;070;018;008B;SUMATERA UTARA;BATU BARA;MEDANG DERAS;MANDARSAH;1219070018008B
12;19;070;018;009B;SUMATERA UTARA;BATU BARA;MEDANG DERAS;MANDARSAH;1219070018009B
12;19;070;019;003B;SUMATERA UTARA;BATU BARA;MEDANG DERAS;MEDANG BARU;1219070019003B
12;19;070;019;004B;SUMATERA UTARA;BATU BARA;MEDANG DERAS;MEDANG BARU;1219070019004B
12;19;070;019;005B;SUMATERA UTARA;BATU BARA;MEDANG DERAS;MEDANG BARU;1219070019005B
12;19;070;019;009B;SUMATERA UTARA;BATU BARA;MEDANG DERAS;MEDANG BARU;1219070019009B
12;19;070;020;005B;SUMATERA UTARA;BATU BARA;MEDANG DERAS;PEMATANG NIBUNG;1219070020005B
12;19;070;020;006B;SUMATERA UTARA;BATU BARA;MEDANG DERAS;PEMATANG NIBUNG;1219070020006B
12;19;070;020;007B;SUMATERA UTARA;BATU BARA;MEDANG DERAS;PEMATANG NIBUNG;1219070020007B
12;19;070;020;008B;SUMATERA UTARA;BATU BARA;MEDANG DERAS;PEMATANG NIBUNG;1219070020008B
12;19;070;021;007B;SUMATERA UTARA;BATU BARA;MEDANG DERAS;PAGURAWAN;1219070021007B
12;19;070;021;008B;SUMATERA UTARA;BATU BARA;MEDANG DERAS;PAGURAWAN;1219070021008B
12;19;070;021;009B;SUMATERA UTARA;BATU BARA;MEDANG DERAS;PAGURAWAN;1219070021009B
12;19;070;021;010B;SUMATERA UTARA;BATU BARA;MEDANG DERAS;PAGURAWAN;1219070021010B
12;19;070;021;011B;SUMATERA UTARA;BATU BARA;MEDANG DERAS;PAGURAWAN;1219070021011B
12;19;070;021;012B;SUMATERA UTARA;BATU BARA;MEDANG DERAS;PAGURAWAN;1219070021012B
